antecedents,consequents,antecedent support,support,confidence,lift
PAO FRANCES MEMBERS MARK,SACOLA PLASTICA MM BRANCA,0.06903153559946537,0.017592023985839686,0.2548403976975406,1.0608641698437618
SACOLA PLASTICA MM BRANCA,PAO FRANCES MEMBERS MARK,0.24021962937542896,0.017592023985839686,0.07323308270676693,1.060864169843762
PH NEVE FT 20M L32P28UN,PAPEL TOALHA KITCHEN JUMB FD C360FL,0.06969981577141206,0.016923743813893003,0.24280901788027986,2.292524570934443
PAPEL TOALHA KITCHEN JUMB FD C360FL,PH NEVE FT 20M L32P28UN,0.1059133764404147,0.016923743813893003,0.15978854024556616,2.292524570934443
PH PERSONAL VIP FD 40 ROLOSX30M,PAPEL TOALHA KITCHEN JUMB FD C360FL,0.06617779864899036,0.016183217136871004,0.2445414847161572,2.3088819650059276
PAPEL TOALHA KITCHEN JUMB FD C360FL,PH PERSONAL VIP FD 40 ROLOSX30M,0.1059133764404147,0.016183217136871004,0.15279672578444747,2.3088819650059276
REQUEIJ CREMOSO 500G MEMBERS MARK,SACOLA PLASTICA MM BRANCA,0.05790557381786656,0.013943575479536178,0.24079850280723644,1.00240976740041
SACOLA PLASTICA MM BRANCA,REQUEIJ CREMOSO 500G MEMBERS MARK,0.24021962937542896,0.013943575479536178,0.05804511278195489,1.00240976740041
MM LAVA ROUPAS 5LTS ULTIMATE CLEAN,PAPEL TOALHA KITCHEN JUMB FD C360FL,0.07739406856193332,0.013275295307589495,0.17152858809801633,1.6195177027003362
PAPEL TOALHA KITCHEN JUMB FD C360FL,MM LAVA ROUPAS 5LTS ULTIMATE CLEAN,0.1059133764404147,0.013275295307589495,0.12534106412005458,1.6195177027003365
MANTEIGA COM SAL MEMBERS MARK 500G,SACOLA PLASTICA MM BRANCA,0.04370913557056677,0.011433009428168913,0.26157024793388434,1.0888795749704843
SACOLA PLASTICA MM BRANCA,MANTEIGA COM SAL MEMBERS MARK 500G,0.24021962937542896,0.011433009428168913,0.047593984962406015,1.088879574970484
OMO LAVA ROUPAS LAVAG PERFEITA 5LT,PAPEL TOALHA KITCHEN JUMB FD C360FL,0.05479897409962793,0.011216269912942962,0.20468029004614371,1.932525398822441
PAPEL TOALHA KITCHEN JUMB FD C360FL,OMO LAVA ROUPAS LAVAG PERFEITA 5LT,0.1059133764404147,0.011216269912942962,0.10590040927694407,1.9325253988224407
LIMPOL 6X500ML DETERG LIQ NATURAL,PAPEL TOALHA KITCHEN JUMB FD C360FL,0.044883141278040675,0.01049380486218979,0.23380281690140842,2.207490920969198
PAPEL TOALHA KITCHEN JUMB FD C360FL,LIMPOL 6X500ML DETERG LIQ NATURAL,0.1059133764404147,0.01049380486218979,0.09907912687585266,2.2074909209691986
BISC CH PETIT BEURRE GRIESSON 150G,SACOLA PLASTICA MM BRANCA,0.03863381858902576,0.00935592240725355,0.2421692379616643,1.0081159420289856
SACOLA PLASTICA MM BRANCA,BISC CH PETIT BEURRE GRIESSON 150G,0.24021962937542896,0.00935592240725355,0.03894736842105263,1.0081159420289856
SUPER CANDIDA 5LT AGUA SANITARIA,PAPEL TOALHA KITCHEN JUMB FD C360FL,0.03578008163855074,0.008904381750532818,0.248864209994952,2.3496957453240985
PAPEL TOALHA KITCHEN JUMB FD C360FL,SUPER CANDIDA 5LT AGUA SANITARIA,0.1059133764404147,0.008904381750532818,0.08407230559345157,2.3496957453240985
ALCOOL LIQ BACT 70 INPM TOPFORM 1L,PAPEL TOALHA KITCHEN JUMB FD C360FL,0.03587038976989488,0.00885019687172633,0.24672708962739173,2.3295177428905474
PAPEL TOALHA KITCHEN JUMB FD C360FL,ALCOOL LIQ BACT 70 INPM TOPFORM 1L,0.1059133764404147,0.00885019687172633,0.08356070941336971,2.329517742890548
OMO LAVA ROUPAS LAVAG PERFEITA 5LT,PH NEVE FT 20M L32P28UN,0.05479897409962793,0.008416717841274428,0.15359261700725113,2.2036301718640754
PH NEVE FT 20M L32P28UN,OMO LAVA ROUPAS LAVAG PERFEITA 5LT,0.06969981577141206,0.008416717841274428,0.12075667271313811,2.2036301718640754
PH PERSONAL VIP FD 40 ROLOSX30M,MM LAVA ROUPAS 5LTS ULTIMATE CLEAN,0.06617779864899036,0.007983238810822527,0.12063318777292577,1.558687765282569
MM LAVA ROUPAS 5LTS ULTIMATE CLEAN,PH PERSONAL VIP FD 40 ROLOSX30M,0.07739406856193332,0.007983238810822527,0.1031505250875146,1.558687765282569
BANANA PRATA KG,CENOURA KG,0.06503991619405411,0.007820684174403063,0.12024437656206609,3.3039454852284624
CENOURA KG,BANANA PRATA KG,0.036394176931690926,0.007820684174403063,0.21488833746898264,3.3039454852284624
LIMPOL DETERGENTE LOUCA NEUTRO 5LT,PAPEL TOALHA KITCHEN JUMB FD C360FL,0.03059639489939674,0.007676191164252429,0.25088547815820544,2.3687799085448846
PAPEL TOALHA KITCHEN JUMB FD C360FL,LIMPOL DETERGENTE LOUCA NEUTRO 5LT,0.1059133764404147,0.007676191164252429,0.07247612551159618,2.3687799085448846
MANTEIGA COM SAL MEMBERS MARK 500G,PAPEL TOALHA KITCHEN JUMB FD C360FL,0.04370913557056677,0.0075497597803706245,0.17272727272727273,1.6308352970358428
PAPEL TOALHA KITCHEN JUMB FD C360FL,MANTEIGA COM SAL MEMBERS MARK 500G,0.1059133764404147,0.0075497597803706245,0.07128240109140518,1.6308352970358428
PH NEVE FT 20M L32P28UN,LIMPOL 6X500ML DETERG LIQ NATURAL,0.06969981577141206,0.007351081891413503,0.10546773775589531,2.349829685550463
LIMPOL 6X500ML DETERG LIQ NATURAL,PH NEVE FT 20M L32P28UN,0.044883141278040675,0.007351081891413503,0.16378269617706237,2.349829685550463
OMO LAVA ROUPAS LAVAG PERFEITA 5LT,PH PERSONAL VIP FD 40 ROLOSX30M,0.05479897409962793,0.007333020265144674,0.13381674357284112,2.0220791006151533
PH PERSONAL VIP FD 40 ROLOSX30M,OMO LAVA ROUPAS LAVAG PERFEITA 5LT,0.06617779864899036,0.007333020265144674,0.11080786026200873,2.0220791006151533
QJ MUSS INTERFOLHADA KG,SACOLA PLASTICA MM BRANCA,0.029964237979987717,0.007260773760069356,0.2423146473779385,1.0087212606561613
SACOLA PLASTICA MM BRANCA,QJ MUSS INTERFOLHADA KG,0.24021962937542896,0.007260773760069356,0.030225563909774437,1.0087212606561613
ACUC REF UNIAO 1KG,PAPEL TOALHA KITCHEN JUMB FD C360FL,0.031011812303579814,0.007242712133800527,0.2335468841001747,2.2050744858612337
PAPEL TOALHA KITCHEN JUMB FD C360FL,ACUC REF UNIAO 1KG,0.1059133764404147,0.007242712133800527,0.06838335607094133,2.2050744858612332
REQUEIJ CREMOSO 500G MEMBERS MARK,MANTEIGA COM SAL MEMBERS MARK 500G,0.05790557381786656,0.006989849366036918,0.12071116656269494,2.7616919206240365
MANTEIGA COM SAL MEMBERS MARK 500G,REQUEIJ CREMOSO 500G MEMBERS MARK,0.04370913557056677,0.006989849366036918,0.15991735537190083,2.7616919206240365
BANANA PRATA KG,PAPEL TOALHA KITCHEN JUMB FD C360FL,0.06503991619405411,0.006971787739768089,0.10719244654262705,1.0120765680898856
PAPEL TOALHA KITCHEN JUMB FD C360FL,BANANA PRATA KG,0.1059133764404147,0.006971787739768089,0.06582537517053207,1.0120765680898858
FILTRO DE PAPEL120UN MM TAM 103,PAPEL TOALHA KITCHEN JUMB FD C360FL,0.025665570928006358,0.00693566448723043,0.2702322308233638,2.551445718241194
PAPEL TOALHA KITCHEN JUMB FD C360FL,FILTRO DE PAPEL120UN MM TAM 103,0.1059133764404147,0.00693566448723043,0.06548431105047749,2.551445718241194
SACOLA PLASTICA MM BRANCA,CEBOLA KG KG,0.24021962937542896,0.0068814796084239425,0.028646616541353385,1.3043162593984963
CEBOLA KG KG,SACOLA PLASTICA MM BRANCA,0.02196293754289636,0.0068814796084239425,0.31332236842105265,1.3043162593984965
BATATA ESPECIAL KG KG,CEBOLA KG KG,0.016418018278365785,0.006773109850810967,0.41254125412541254,18.78351897689769
CEBOLA KG KG,BATATA ESPECIAL KG KG,0.02196293754289636,0.006773109850810967,0.30838815789473684,18.78351897689769
PH PERSONAL VIP FD 40 ROLOSX30M,LIMPOL 6X500ML DETERG LIQ NATURAL,0.06617779864899036,0.00670086334573565,0.10125545851528384,2.255979765053201
LIMPOL 6X500ML DETERG LIQ NATURAL,PH PERSONAL VIP FD 40 ROLOSX30M,0.044883141278040675,0.00670086334573565,0.14929577464788732,2.255979765053201
LIMPOL 6X500ML DETERG LIQ NATURAL,MM LAVA ROUPAS 5LTS ULTIMATE CLEAN,0.044883141278040675,0.006610555214391503,0.14728370221327966,1.9030360459137554
MM LAVA ROUPAS 5LTS ULTIMATE CLEAN,LIMPOL 6X500ML DETERG LIQ NATURAL,0.07739406856193332,0.006610555214391503,0.08541423570595098,1.9030360459137554
REQUEIJAO TRADIC CATUPIRY 500G,PAPEL TOALHA KITCHEN JUMB FD C360FL,0.041957157822490335,0.006610555214391503,0.15755488592337494,1.487582505803816
PAPEL TOALHA KITCHEN JUMB FD C360FL,REQUEIJAO TRADIC CATUPIRY 500G,0.1059133764404147,0.006610555214391503,0.062414733969986355,1.4875825058038161
SACOLA PLASTICA MM CINZA,PAPEL TOALHA KITCHEN JUMB FD C360FL,0.05384170790737998,0.006592493588122674,0.12244213351224421,1.1560592025987233
PAPEL TOALHA KITCHEN JUMB FD C360FL,SACOLA PLASTICA MM CINZA,0.1059133764404147,0.006592493588122674,0.06224420190995907,1.1560592025987233
PH NEVE FT 20M L32P28UN,MM LAVA ROUPAS 5LTS ULTIMATE CLEAN,0.06969981577141206,0.006502185456778528,0.0932884166882612,1.2053690731300513
MM LAVA ROUPAS 5LTS ULTIMATE CLEAN,PH NEVE FT 20M L32P28UN,0.07739406856193332,0.006502185456778528,0.08401400233372228,1.2053690731300513
SUPER CANDIDA 5LT AGUA SANITARIA,LIMPOL 6X500ML DETERG LIQ NATURAL,0.03578008163855074,0.006484123830509699,0.18122160524987377,4.037631950207047
LIMPOL 6X500ML DETERG LIQ NATURAL,SUPER CANDIDA 5LT AGUA SANITARIA,0.044883141278040675,0.006484123830509699,0.14446680080482896,4.037631950207047
CR DE LEITE PIRACANJUBA TP 200G,PAPEL TOALHA KITCHEN JUMB FD C360FL,0.03144529133403172,0.00646606220424087,0.20562894887995403,1.941482330096783
PAPEL TOALHA KITCHEN JUMB FD C360FL,CR DE LEITE PIRACANJUBA TP 200G,0.1059133764404147,0.00646606220424087,0.06105047748976807,1.9414823300967827
SUPER CANDIDA 5LT AGUA SANITARIA,PH NEVE FT 20M L32P28UN,0.03578008163855074,0.006448000577972041,0.1802120141342756,2.585545056895129
PH NEVE FT 20M L32P28UN,SUPER CANDIDA 5LT AGUA SANITARIA,0.06969981577141206,0.006448000577972041,0.09251101321585903,2.585545056895129
BATATA ESPECIAL KG KG,CENOURA KG,0.016418018278365785,0.006339630820359065,0.38613861386138615,10.60990099009901
CENOURA KG,BATATA ESPECIAL KG KG,0.036394176931690926,0.006339630820359065,0.1741935483870968,10.60990099009901
PANO REUTILIZAVEL DURAMAX 3X58 PANO,PAPEL TOALHA KITCHEN JUMB FD C360FL,0.02416645594769353,0.006321569194090236,0.2615844544095665,2.4697961976193827
PAPEL TOALHA KITCHEN JUMB FD C360FL,PANO REUTILIZAVEL DURAMAX 3X58 PANO,0.1059133764404147,0.006321569194090236,0.059686221009549796,2.4697961976193827
FILE PEITO FRANGO SADIA 1KG ZIP IQF,PAPEL TOALHA KITCHEN JUMB FD C360FL,0.0440342448434057,0.006321569194090236,0.1435602953240361,1.3554500871266342
PAPEL TOALHA KITCHEN JUMB FD C360FL,FILE PEITO FRANGO SADIA 1KG ZIP IQF,0.1059133764404147,0.006321569194090236,0.059686221009549796,1.3554500871266342
PAO FRANCES MEMBERS MARK,BANANA PRATA KG,0.06903153559946537,0.006303507567821407,0.09131344845630561,1.4039601186425483
BANANA PRATA KG,PAO FRANCES MEMBERS MARK,0.06503991619405411,0.006303507567821407,0.0969175229103027,1.4039601186425483
SUPER CANDIDA 5LT AGUA SANITARIA,OMO LAVA ROUPAS LAVAG PERFEITA 5LT,0.03578008163855074,0.006303507567821407,0.17617364967188287,3.2149078074269832
OMO LAVA ROUPAS LAVAG PERFEITA 5LT,SUPER CANDIDA 5LT AGUA SANITARIA,0.05479897409962793,0.006303507567821407,0.11502966381015162,3.2149078074269832
REQUEIJ CREMOSO 500G MEMBERS MARK,PAPEL TOALHA KITCHEN JUMB FD C360FL,0.05790557381786656,0.006249322689014919,0.10792264504054896,1.0189708672092486
PAPEL TOALHA KITCHEN JUMB FD C360FL,REQUEIJ CREMOSO 500G MEMBERS MARK,0.1059133764404147,0.006249322689014919,0.05900409276944065,1.0189708672092486
CREME DENTAL TRIPLA ACAO 6X90G COLG,PAPEL TOALHA KITCHEN JUMB FD C360FL,0.026622837120254306,0.0062131994364772606,0.2333785617367707,2.2034852402998033
PAPEL TOALHA KITCHEN JUMB FD C360FL,CREME DENTAL TRIPLA ACAO 6X90G COLG,0.1059133764404147,0.0062131994364772606,0.058663028649386086,2.2034852402998033
CENOURA KG,CEBOLA KG KG,0.036394176931690926,0.006122891305133114,0.16823821339950373,7.660096153846155
CEBOLA KG KG,CENOURA KG,0.02196293754289636,0.006122891305133114,0.2787828947368421,7.660096153846154
PH ROYAL CARE FD FD 40 ROLOS X 30M,PAPEL TOALHA KITCHEN JUMB FD C360FL,0.026911823140555576,0.006104829678864285,0.22684563758389262,2.1418034738181784
PAPEL TOALHA KITCHEN JUMB FD C360FL,PH ROYAL CARE FD FD 40 ROLOS X 30M,0.1059133764404147,0.006104829678864285,0.057639836289222375,2.1418034738181784
ALCOOL LIQ BACT 70 INPM TOPFORM 1L,PH NEVE FT 20M L32P28UN,0.03587038976989488,0.005960336668713651,0.16616314199395774,2.3839825135106154
PH NEVE FT 20M L32P28UN,ALCOOL LIQ BACT 70 INPM TOPFORM 1L,0.06969981577141206,0.005960336668713651,0.08551438196423945,2.3839825135106154
CR DE LEITE PIRACANJUBA TP 200G,LEITE CONDENSADO TP 395G PIRACANJ,0.03144529133403172,0.005924213416175992,0.18839747271682938,10.078081617816402
LEITE CONDENSADO TP 395G PIRACANJ,CR DE LEITE PIRACANJUBA TP 200G,0.018693783188238267,0.005924213416175992,0.3169082125603865,10.078081617816402
LIMPOL LIQ 6X500ML DETERG LIQ COCO,PAPEL TOALHA KITCHEN JUMB FD C360FL,0.024202579200231188,0.005906151789907163,0.24402985074626868,2.3040512817902306
PAPEL TOALHA KITCHEN JUMB FD C360FL,LIMPOL LIQ 6X500ML DETERG LIQ COCO,0.1059133764404147,0.005906151789907163,0.05576398362892224,2.3040512817902306
LIMPOL 6X500ML DETERG LIQ NEUTRO,PAPEL TOALHA KITCHEN JUMB FD C360FL,0.025737817433081674,0.005870028537369505,0.2280701754385965,2.1533651659845385
PAPEL TOALHA KITCHEN JUMB FD C360FL,LIMPOL 6X500ML DETERG LIQ NEUTRO,0.1059133764404147,0.005870028537369505,0.05542291950886767,2.1533651659845385
LEITE FERMENTADO YAKULT 6X80G,PAPEL TOALHA KITCHEN JUMB FD C360FL,0.0418126648123397,0.005870028537369505,0.14038876889848814,1.3255055557356232
PAPEL TOALHA KITCHEN JUMB FD C360FL,LEITE FERMENTADO YAKULT 6X80G,0.1059133764404147,0.005870028537369505,0.05542291950886767,1.3255055557356232
SACOLA PLASTICA MM BRANCA,BATATA PALITO 2KG MEMBERS MARK,0.24021962937542896,0.005851966911100676,0.0243609022556391,1.1211685073031707
BATATA PALITO 2KG MEMBERS MARK,SACOLA PLASTICA MM BRANCA,0.02172813640140158,0.005851966911100676,0.2693266832917706,1.121168507303171
LEITE COND MOCA LT 395G,PAPEL TOALHA KITCHEN JUMB FD C360FL,0.026695083625329626,0.005833905284831846,0.21853856562922866,2.0633707750047536
PAPEL TOALHA KITCHEN JUMB FD C360FL,LEITE COND MOCA LT 395G,0.1059133764404147,0.005833905284831846,0.05508185538881309,2.063370775004753
SACOLA PLASTICA MM BRANCA,KETCHUP HEINZ 1.033KG,0.24021962937542896,0.005815843658563017,0.024210526315789474,1.1369296013570824
KETCHUP HEINZ 1.033KG,SACOLA PLASTICA MM BRANCA,0.02129465737094968,0.005815843658563017,0.2731128074639525,1.1369296013570822
OMO LAVA ROUPAS LAVAG PERFEITA 5LT,LIMPOL 6X500ML DETERG LIQ NATURAL,0.05479897409962793,0.0057616587797565295,0.10514172709294661,2.342566141741683
LIMPOL 6X500ML DETERG LIQ NATURAL,OMO LAVA ROUPAS LAVAG PERFEITA 5LT,0.044883141278040675,0.0057616587797565295,0.1283702213279678,2.3425661417416825
SUCO NATURAL ONE LARANJA 2L,SACOLA PLASTICA MM BRANCA,0.021637828270057436,0.005707473900950041,0.2637729549248748,1.0980491295015502
SACOLA PLASTICA MM BRANCA,SUCO NATURAL ONE LARANJA 2L,0.24021962937542896,0.005707473900950041,0.0237593984962406,1.0980491295015502
SUPER CANDIDA 5LT AGUA SANITARIA,PH PERSONAL VIP FD 40 ROLOSX30M,0.03578008163855074,0.005689412274681212,0.15901060070671377,2.402778635023994
PH PERSONAL VIP FD 40 ROLOSX30M,SUPER CANDIDA 5LT AGUA SANITARIA,0.06617779864899036,0.005689412274681212,0.08597161572052402,2.402778635023994
MANTEIGA COM SAL MEMBERS MARK 500G,MM LAVA ROUPAS 5LTS ULTIMATE CLEAN,0.04370913557056677,0.005653289022143554,0.12933884297520662,1.6711725507970339
MM LAVA ROUPAS 5LTS ULTIMATE CLEAN,MANTEIGA COM SAL MEMBERS MARK 500G,0.07739406856193332,0.005653289022143554,0.07304550758459744,1.6711725507970339
PH NEVE FT 20M L32P28UN,PAPEL TOALHA SNOB HIPER 360 FLS,0.06969981577141206,0.005617165769605895,0.08059082663902566,2.8639227905624485
PAPEL TOALHA SNOB HIPER 360 FLS,PH NEVE FT 20M L32P28UN,0.028140013726835965,0.005617165769605895,0.19961489088575093,2.863922790562448
BANANA PRATA KG,MAMAO PAPAYA KG,0.06503991619405411,0.005617165769605895,0.08636489863926687,4.072980390171763
MAMAO PAPAYA KG,BANANA PRATA KG,0.021204349239605534,0.005617165769605895,0.26490630323679726,4.072980390171763
PAO FRANCES MEMBERS MARK,REQUEIJ CREMOSO 500G MEMBERS MARK,0.06903153559946537,0.005581042517068237,0.08084772370486656,1.3961993358214728
REQUEIJ CREMOSO 500G MEMBERS MARK,PAO FRANCES MEMBERS MARK,0.05790557381786656,0.005581042517068237,0.09638178415470992,1.396199335821473
BANANA PRATA KG,MAMAO FORMOSA KG,0.06503991619405411,0.005544919264530579,0.085254096084421,5.000188859968277
MAMAO FORMOSA KG,BANANA PRATA KG,0.017050175197774808,0.005544919264530579,0.3252118644067797,5.000188859968277
MANTEIGA AVIACAO COM SAL POTE 500G,PAPEL TOALHA KITCHEN JUMB FD C360FL,0.027399487049813966,0.005544919264530579,0.2023731048121292,1.9107416986746837
PAPEL TOALHA KITCHEN JUMB FD C360FL,MANTEIGA AVIACAO COM SAL POTE 500G,0.1059133764404147,0.005544919264530579,0.05235334242837654,1.910741698674684
ACUC REF UNIAO 1KG,SUPER CANDIDA 5LT AGUA SANITARIA,0.031011812303579814,0.0055268576382617495,0.17821782178217824,4.980922726295851
SUPER CANDIDA 5LT AGUA SANITARIA,ACUC REF UNIAO 1KG,0.03578008163855074,0.0055268576382617495,0.15446744068652196,4.980922726295851
BANANA PRATA KG,CEBOLA KG KG,0.06503991619405411,0.0055087960119929195,0.08469869480699806,3.8564374479311305
CEBOLA KG KG,BANANA PRATA KG,0.02196293754289636,0.0055087960119929195,0.2508223684210526,3.85643744793113
SACOLA PLASTICA MM BRANCA,MAMAO PAPAYA KG,0.24021962937542896,0.005454611133186432,0.022706766917293234,1.0708542224385496
MAMAO PAPAYA KG,SACOLA PLASTICA MM BRANCA,0.021204349239605534,0.005454611133186432,0.2572402044293015,1.0708542224385496
MON BIJOU PUREZA 5LT AMAC DILUIDO,PAPEL TOALHA KITCHEN JUMB FD C360FL,0.021692013148863924,0.005382364628111115,0.2481265611990008,2.3427311028894744
PAPEL TOALHA KITCHEN JUMB FD C360FL,MON BIJOU PUREZA 5LT AMAC DILUIDO,0.1059133764404147,0.005382364628111115,0.05081855388813097,2.342731102889475
SHAMPOO ALTA MODA BB CREAM 1LT,SACOLA PLASTICA MM BRANCA,0.02004840515840046,0.005364303001842286,0.26756756756756755,1.1138455598455599
SACOLA PLASTICA MM BRANCA,SHAMPOO ALTA MODA BB CREAM 1LT,0.24021962937542896,0.005364303001842286,0.022330827067669173,1.1138455598455599
SACOLA PLASTICA MM BRANCA,BRIOCHE FRANCES MEMBERS MARK,0.24021962937542896,0.005328179749304628,0.02218045112781955,1.1876623376623379
BRIOCHE FRANCES MEMBERS MARK,SACOLA PLASTICA MM BRANCA,0.01867572156196944,0.005328179749304628,0.28529980657640236,1.1876623376623379
ALCOOL LIQ BACT 70 INPM TOPFORM 1L,LIMPOL 6X500ML DETERG LIQ NATURAL,0.03587038976989488,0.0053101181230357985,0.14803625377643506,3.298259648525595
LIMPOL 6X500ML DETERG LIQ NATURAL,ALCOOL LIQ BACT 70 INPM TOPFORM 1L,0.044883141278040675,0.0053101181230357985,0.11830985915492959,3.2982596485255953
SACOLA PLASTICA MM BRANCA,LIMAO TAITI KG,0.24021962937542896,0.0052739948704981394,0.021954887218045113,1.2403615160349855
LIMAO TAITI KG,SACOLA PLASTICA MM BRANCA,0.01770039374345266,0.0052739948704981394,0.2979591836734694,1.2403615160349855
BATATA ESPECIAL KG KG,SACOLA PLASTICA MM BRANCA,0.016418018278365785,0.00525593324422931,0.3201320132013201,1.3326638378123528
SACOLA PLASTICA MM BRANCA,BATATA ESPECIAL KG KG,0.24021962937542896,0.00525593324422931,0.0218796992481203,1.3326638378123525
REQUEIJ CREMOSO 500G MEMBERS MARK,MM LAVA ROUPAS 5LTS ULTIMATE CLEAN,0.05790557381786656,0.005219809991691652,0.0901434809731753,1.164733714716645
MM LAVA ROUPAS 5LTS ULTIMATE CLEAN,REQUEIJ CREMOSO 500G MEMBERS MARK,0.07739406856193332,0.005219809991691652,0.06744457409568262,1.164733714716645
PACK EXTRE/NRISCA PK MISTO C/10UNID,PAPEL TOALHA KITCHEN JUMB FD C360FL,0.017411407723151393,0.005183686739153993,0.2977178423236514,2.8109560126349393
PAPEL TOALHA KITCHEN JUMB FD C360FL,PACK EXTRE/NRISCA PK MISTO C/10UNID,0.1059133764404147,0.005183686739153993,0.04894270122783083,2.8109560126349393
SUPER CANDIDA 5LT AGUA SANITARIA,MM LAVA ROUPAS 5LTS ULTIMATE CLEAN,0.03578008163855074,0.005165625112885164,0.1443715295305401,1.865408192295889
MM LAVA ROUPAS 5LTS ULTIMATE CLEAN,SUPER CANDIDA 5LT AGUA SANITARIA,0.07739406856193332,0.005165625112885164,0.06674445740956826,1.865408192295889
ACUC REF UNIAO 1KG,PH NEVE FT 20M L32P28UN,0.031011812303579814,0.005111440234078677,0.16482236458940014,2.364746058008999
PH NEVE FT 20M L32P28UN,ACUC REF UNIAO 1KG,0.06969981577141206,0.005111440234078677,0.07333506089660534,2.364746058008999
OMO LAVA ROUPAS EM PO 5.6KG,PAPEL TOALHA KITCHEN JUMB FD C360FL,0.02275764909872485,0.0050933786078098476,0.22380952380952382,2.1131374650815307
PAPEL TOALHA KITCHEN JUMB FD C360FL,OMO LAVA ROUPAS EM PO 5.6KG,0.1059133764404147,0.0050933786078098476,0.04809004092769441,2.1131374650815307
OMO LAVA ROUPAS LAVAG PERFEITA 5LT,COMFORT PRO AMACIANTE DILUIDO 5LT,0.05479897409962793,0.0050933786078098476,0.0929466051417271,4.026668028385652
COMFORT PRO AMACIANTE DILUIDO 5LT,OMO LAVA ROUPAS LAVAG PERFEITA 5LT,0.023082758371563775,0.0050933786078098476,0.22065727699530518,4.026668028385651
OLEO SOJA LIZA PET 900ML,PAPEL TOALHA KITCHEN JUMB FD C360FL,0.02561138604919987,0.005075316981541018,0.19816643159379407,1.8710236445467263
PAPEL TOALHA KITCHEN JUMB FD C360FL,OLEO SOJA LIZA PET 900ML,0.1059133764404147,0.005075316981541018,0.04791950886766712,1.871023644546726
SAL REF CISNE 1KG,PAPEL TOALHA KITCHEN JUMB FD C360FL,0.022414478199617095,0.005075316981541018,0.22643029814665588,2.1378819725763556
PAPEL TOALHA KITCHEN JUMB FD C360FL,SAL REF CISNE 1KG,0.1059133764404147,0.005075316981541018,0.04791950886766712,2.1378819725763556
BACON MINI CARDEAL PECA KG,SACOLA PLASTICA MM BRANCA,0.017664270490915002,0.0050572553552721885,0.28629856850715746,1.1918200408997954
SACOLA PLASTICA MM BRANCA,BACON MINI CARDEAL PECA KG,0.24021962937542896,0.0050572553552721885,0.021052631578947368,1.1918200408997954
CR DE LEITE NESTLE LT 300G,LEITE COND MOCA LT 395G,0.019344001733916122,0.00502113210273453,0.25957049486461253,9.723531812364097
LEITE COND MOCA LT 395G,CR DE LEITE NESTLE LT 300G,0.026695083625329626,0.00502113210273453,0.18809201623815966,9.723531812364097
BANANA PRATA KG,LIMAO TAITI KG,0.06503991619405411,0.00502113210273453,0.07720077756178839,4.361528827026507
LIMAO TAITI KG,BANANA PRATA KG,0.01770039374345266,0.00502113210273453,0.2836734693877551,4.361528827026507
LIMPOL DETERGENTE LOUCA NEUTRO 5LT,MM LAVA ROUPAS 5LTS ULTIMATE CLEAN,0.03059639489939674,0.005003070476465701,0.16351829988193625,2.1128014448689107
MM LAVA ROUPAS 5LTS ULTIMATE CLEAN,LIMPOL DETERGENTE LOUCA NEUTRO 5LT,0.07739406856193332,0.005003070476465701,0.06464410735122521,2.1128014448689107
BISC CH PETIT BEURRE GRIESSON 150G,PAPEL TOALHA KITCHEN JUMB FD C360FL,0.03863381858902576,0.004912762345121555,0.12716222533894342,1.2006247899242737
PAPEL TOALHA KITCHEN JUMB FD C360FL,BISC CH PETIT BEURRE GRIESSON 150G,0.1059133764404147,0.004912762345121555,0.04638472032742156,1.200624789924274
BATATA ESPECIAL KG KG,BANANA PRATA KG,0.016418018278365785,0.004912762345121555,0.2992299229922992,4.600712001219561
BANANA PRATA KG,BATATA ESPECIAL KG KG,0.06503991619405411,0.004912762345121555,0.07553457372951958,4.600712001219561
CR DE LEITE NESTLE LT 300G,PAPEL TOALHA KITCHEN JUMB FD C360FL,0.019344001733916122,0.004858577466315067,0.2511671335200747,2.371439207788618
PAPEL TOALHA KITCHEN JUMB FD C360FL,CR DE LEITE NESTLE LT 300G,0.1059133764404147,0.004858577466315067,0.0458731241473397,2.371439207788618
TOMATE PELADO CIRIO 3 X 400G,PAPEL TOALHA KITCHEN JUMB FD C360FL,0.019831665643174512,0.004804392587508579,0.24225865209471767,2.287328194385426
PAPEL TOALHA KITCHEN JUMB FD C360FL,TOMATE PELADO CIRIO 3 X 400G,0.1059133764404147,0.004804392587508579,0.04536152796725784,2.287328194385426
PH NEVE FT 20M L32P28UN,REQUEIJAO TRADIC CATUPIRY 500G,0.06969981577141206,0.004804392587508579,0.068929774552993,1.642860911709432
REQUEIJAO TRADIC CATUPIRY 500G,PH NEVE FT 20M L32P28UN,0.041957157822490335,0.004804392587508579,0.11450710288420148,1.6428609117094322
BANANA PRATA KG,FILE PEITO FRANGO SADIA 1KG ZIP IQF,0.06503991619405411,0.004750207708702091,0.07303526798111636,1.6586015779501593
FILE PEITO FRANGO SADIA 1KG ZIP IQF,BANANA PRATA KG,0.0440342448434057,0.004750207708702091,0.10787530762920426,1.6586015779501593
HASTES FLEXIVEIS COTONETE C/300UN,PAPEL TOALHA KITCHEN JUMB FD C360FL,0.01986778889571217,0.004750207708702091,0.23909090909090908,2.2574193848443507
PAPEL TOALHA KITCHEN JUMB FD C360FL,HASTES FLEXIVEIS COTONETE C/300UN,0.1059133764404147,0.004750207708702091,0.04484993178717599,2.2574193848443507
MANTEIGA AVIACAO COM SAL POTE 500G,REQUEIJAO TRADIC CATUPIRY 500G,0.027399487049813966,0.004732146082433262,0.17270929466051416,4.116324928185117
REQUEIJAO TRADIC CATUPIRY 500G,MANTEIGA AVIACAO COM SAL POTE 500G,0.041957157822490335,0.004732146082433262,0.11278519156263453,4.116324928185118
ACUC REF UNIAO 1KG,PH PERSONAL VIP FD 40 ROLOSX30M,0.031011812303579814,0.004732146082433262,0.1525917297612114,2.3057843094866897
PH PERSONAL VIP FD 40 ROLOSX30M,ACUC REF UNIAO 1KG,0.06617779864899036,0.004732146082433262,0.07150655021834061,2.3057843094866897
CENOURA KG,PAPEL TOALHA KITCHEN JUMB FD C360FL,0.036394176931690926,0.004659899577357946,0.12803970223325065,1.2089096442438874
PAPEL TOALHA KITCHEN JUMB FD C360FL,CENOURA KG,0.1059133764404147,0.004659899577357946,0.043997271487039566,1.2089096442438874
SACOLA PLASTICA MM BRANCA,DESENGORDURANTE 1.1LT MEMBERS MARK,0.24021962937542896,0.004641837951089116,0.01932330827067669,1.0326778819635962
DESENGORDURANTE 1.1LT MEMBERS MARK,SACOLA PLASTICA MM BRANCA,0.0187118448145071,0.004641837951089116,0.24806949806949805,1.0326778819635962
ACUC REF UNIAO 1KG,SAL REF CISNE 1KG,0.031011812303579814,0.0046057146985514575,0.1485148514851485,6.625844695670211
SAL REF CISNE 1KG,ACUC REF UNIAO 1KG,0.022414478199617095,0.0046057146985514575,0.2054794520547945,6.625844695670211
MM LAVA ROUPAS 5LTS ULTIMATE CLEAN,PH ROYAL CARE FD FD 40 ROLOS X 30M,0.07739406856193332,0.0046057146985514575,0.059509918319719954,2.211292709858802
PH ROYAL CARE FD FD 40 ROLOS X 30M,MM LAVA ROUPAS 5LTS ULTIMATE CLEAN,0.026911823140555576,0.0046057146985514575,0.17114093959731544,2.211292709858802
VEJA LIMPEZA PESADA CLORO 2X1LT,PAPEL TOALHA KITCHEN JUMB FD C360FL,0.018513166925549978,0.0046057146985514575,0.24878048780487802,2.3489052673609954
PAPEL TOALHA KITCHEN JUMB FD C360FL,VEJA LIMPEZA PESADA CLORO 2X1LT,0.1059133764404147,0.0046057146985514575,0.04348567530695771,2.3489052673609954
AGUA SANITARIA 5LT MEMBERS MARK,MM LAVA ROUPAS 5LTS ULTIMATE CLEAN,0.020644438825271828,0.0046057146985514575,0.22309711286089237,2.882612543910424
MM LAVA ROUPAS 5LTS ULTIMATE CLEAN,AGUA SANITARIA 5LT MEMBERS MARK,0.07739406856193332,0.0046057146985514575,0.059509918319719954,2.882612543910424
ACUC REF UNIAO 1KG,LIMPOL 6X500ML DETERG LIQ NATURAL,0.031011812303579814,0.004587653072282628,0.14793244030285382,3.2959466759789957
LIMPOL 6X500ML DETERG LIQ NATURAL,ACUC REF UNIAO 1KG,0.044883141278040675,0.004587653072282628,0.10221327967806841,3.2959466759789957
CEBOLA KG KG,LIMAO TAITI KG,0.02196293754289636,0.004569591446013799,0.2080592105263158,11.75449617346939
LIMAO TAITI KG,CEBOLA KG KG,0.01770039374345266,0.004569591446013799,0.2581632653061225,11.75449617346939
BANANA NANICA KG,CENOURA KG,0.038019723295885564,0.00453346819347614,0.1192399049881235,3.276345697058286
CENOURA KG,BANANA NANICA KG,0.036394176931690926,0.00453346819347614,0.12456575682382134,3.276345697058286
SACOLA PLASTICA MM CINZA,PH NEVE FT 20M L32P28UN,0.05384170790737998,0.004497344940938482,0.08352901710835291,1.1984108735996546
PH NEVE FT 20M L32P28UN,SACOLA PLASTICA MM CINZA,0.06969981577141206,0.004497344940938482,0.06452448820938067,1.1984108735996546
ALCOOL LIQ BACT 70 INPM TOPFORM 1L,MM LAVA ROUPAS 5LTS ULTIMATE CLEAN,0.03587038976989488,0.004479283314669653,0.12487411883182277,1.6134843554825435
MM LAVA ROUPAS 5LTS ULTIMATE CLEAN,ALCOOL LIQ BACT 70 INPM TOPFORM 1L,0.07739406856193332,0.004479283314669653,0.05787631271878647,1.6134843554825438
MON BIJOU PUREZA 5LT AMAC DILUIDO,MM LAVA ROUPAS 5LTS ULTIMATE CLEAN,0.021692013148863924,0.004479283314669653,0.20649458784346378,2.668093197325838
MM LAVA ROUPAS 5LTS ULTIMATE CLEAN,MON BIJOU PUREZA 5LT AMAC DILUIDO,0.07739406856193332,0.004479283314669653,0.05787631271878647,2.668093197325838
SACOLA PLASTICA MM BRANCA,SUCO NATURAL ONE UVA/MACA 2L,0.24021962937542896,0.004461221688400824,0.018571428571428572,1.0110380671442618
SUCO NATURAL ONE UVA/MACA 2L,SACOLA PLASTICA MM BRANCA,0.01836867391539934,0.004461221688400824,0.24287118977384467,1.011038067144262
FJAO CAR KICALDO T1 1KG,PAPEL TOALHA KITCHEN JUMB FD C360FL,0.019578802875410903,0.004443160062131995,0.22693726937269373,2.142668631665853
PAPEL TOALHA KITCHEN JUMB FD C360FL,FJAO CAR KICALDO T1 1KG,0.1059133764404147,0.004443160062131995,0.041950886766712145,2.142668631665853
OMO LAVA ROUPAS LAVAG PERFEITA 5LT,ALCOOL LIQ BACT 70 INPM TOPFORM 1L,0.05479897409962793,0.004443160062131995,0.08108108108108109,2.2603902996652243
ALCOOL LIQ BACT 70 INPM TOPFORM 1L,OMO LAVA ROUPAS LAVAG PERFEITA 5LT,0.03587038976989488,0.004443160062131995,0.12386706948640484,2.2603902996652243
COMFORT PRO AMACIANTE DILUIDO 5LT,PAPEL TOALHA KITCHEN JUMB FD C360FL,0.023082758371563775,0.004425098435863165,0.19170579029733958,1.8100243495229371
PAPEL TOALHA KITCHEN JUMB FD C360FL,COMFORT PRO AMACIANTE DILUIDO 5LT,0.1059133764404147,0.004425098435863165,0.041780354706684855,1.8100243495229373
ALCOOL LIQ BACT 70 INPM TOPFORM 1L,PH PERSONAL VIP FD 40 ROLOSX30M,0.03587038976989488,0.004425098435863165,0.12336354481369587,1.86412282264058
PH PERSONAL VIP FD 40 ROLOSX30M,ALCOOL LIQ BACT 70 INPM TOPFORM 1L,0.06617779864899036,0.004425098435863165,0.06686681222707423,1.8641228226405802
AGUA SANITARIA 5LT MEMBERS MARK,PAPEL TOALHA KITCHEN JUMB FD C360FL,0.020644438825271828,0.004407036809594336,0.21347331583552054,2.0155463172833272
PAPEL TOALHA KITCHEN JUMB FD C360FL,AGUA SANITARIA 5LT MEMBERS MARK,0.1059133764404147,0.004407036809594336,0.04160982264665757,2.0155463172833272
OMO LAVA ROUPAS EM PO 5.6KG,PH NEVE FT 20M L32P28UN,0.02275764909872485,0.004370913557056677,0.19206349206349208,2.7555810576800472
PH NEVE FT 20M L32P28UN,OMO LAVA ROUPAS EM PO 5.6KG,0.06969981577141206,0.004370913557056677,0.06271054677377559,2.7555810576800472
SUPER CANDIDA 5LT AGUA SANITARIA,SACOLA PLASTICA MM CINZA,0.03578008163855074,0.004370913557056677,0.1221605249873801,2.268882799883021
SACOLA PLASTICA MM CINZA,SUPER CANDIDA 5LT AGUA SANITARIA,0.05384170790737998,0.004370913557056677,0.08118081180811808,2.268882799883021
QBOA 5LT AGUA SANITARIA,PAPEL TOALHA KITCHEN JUMB FD C360FL,0.023913593179929922,0.004370913557056677,0.18277945619335348,1.7257447768760588
PAPEL TOALHA KITCHEN JUMB FD C360FL,QBOA 5LT AGUA SANITARIA,0.1059133764404147,0.004370913557056677,0.041268758526603,1.7257447768760585
PH NEVE FT 20M L32P28UN,MANTEIGA AVIACAO COM SAL POTE 500G,0.06969981577141206,0.004316728678250189,0.06193314330137341,2.260376013199631
MANTEIGA AVIACAO COM SAL POTE 500G,PH NEVE FT 20M L32P28UN,0.027399487049813966,0.004316728678250189,0.15754779169413313,2.2603760131996307
BROCOLIS 1KG DAUCY,SACOLA PLASTICA MM BRANCA,0.01625546364194632,0.004316728678250189,0.26555555555555554,1.1054698412698412
SACOLA PLASTICA MM BRANCA,BROCOLIS 1KG DAUCY,0.24021962937542896,0.004316728678250189,0.017969924812030073,1.1054698412698412
BANANA PRATA KG,ABACATE KG,0.06503991619405411,0.00429866705198136,0.06609275201332963,4.070401899855404
ABACATE KG,BANANA PRATA KG,0.016237402015677492,0.00429866705198136,0.2647385984427141,4.070401899855404
PAPEL TOALHA KITCHEN JUMB FD C360FL,FJAO CAR CAMIL T1 1KG,0.1059133764404147,0.00429866705198136,0.04058663028649386,2.1753333711926612
FJAO CAR CAMIL T1 1KG,PAPEL TOALHA KITCHEN JUMB FD C360FL,0.01865765993570061,0.00429866705198136,0.23039690222652467,2.1753333711926612
PH PERSONAL VIP FD 40 ROLOSX30M,LIMPOL DETERGENTE LOUCA NEUTRO 5LT,0.06617779864899036,0.00429866705198136,0.06495633187772926,2.123006063012018
LIMPOL DETERGENTE LOUCA NEUTRO 5LT,PH PERSONAL VIP FD 40 ROLOSX30M,0.03059639489939674,0.00429866705198136,0.14049586776859505,2.1230060630120176
MM LAVA ROUPAS 5LTS ULTIMATE CLEAN,COMFORT PRO AMACIANTE DILUIDO 5LT,0.07739406856193332,0.004280605425712531,0.05530921820303384,2.3961268975189136
COMFORT PRO AMACIANTE DILUIDO 5LT,MM LAVA ROUPAS 5LTS ULTIMATE CLEAN,0.023082758371563775,0.004280605425712531,0.18544600938967137,2.3961268975189136
PH NEVE FT 20M L32P28UN,FILTRO DE PAPEL120UN MM TAM 103,0.06969981577141206,0.004262543799443702,0.06115573982897124,2.382792886256736
FILTRO DE PAPEL120UN MM TAM 103,PH NEVE FT 20M L32P28UN,0.025665570928006358,0.004262543799443702,0.1660802251935257,2.382792886256736
PH PERSONAL VIP FD 40 ROLOSX30M,CREME DENTAL TRIPLA ACAO 6X90G COLG,0.06617779864899036,0.004244482173174873,0.06413755458515284,2.4091179424434004
CREME DENTAL TRIPLA ACAO 6X90G COLG,PH PERSONAL VIP FD 40 ROLOSX30M,0.026622837120254306,0.004244482173174873,0.1594301221166893,2.4091179424434004
PH PERSONAL VIP FD 40 ROLOSX30M,PAPEL TOALHA SNOB HIPER 360 FLS,0.06617779864899036,0.004244482173174873,0.06413755458515284,2.2792296836723827
PAPEL TOALHA SNOB HIPER 360 FLS,PH PERSONAL VIP FD 40 ROLOSX30M,0.028140013726835965,0.004244482173174873,0.15083440308087293,2.2792296836723827
LIMPOL 6X500ML DETERG LIQ NEUTRO,PH NEVE FT 20M L32P28UN,0.025737817433081674,0.004226420546906044,0.1642105263157895,2.355967867323141
PH NEVE FT 20M L32P28UN,LIMPOL 6X500ML DETERG LIQ NEUTRO,0.06969981577141206,0.004226420546906044,0.06063747084736979,2.355967867323141
PH NEVE FT 20M L32P28UN,PANO REUTILIZAVEL DURAMAX 3X58 PANO,0.06969981577141206,0.004226420546906044,0.06063747084736979,2.509158603090789
PANO REUTILIZAVEL DURAMAX 3X58 PANO,PH NEVE FT 20M L32P28UN,0.02416645594769353,0.004226420546906044,0.17488789237668162,2.509158603090789
SACOLA PLASTICA MM BRANCA,QUEIJO MUSSARELA FAT 150G TIROLEZ,0.24021962937542896,0.004226420546906044,0.017593984962406016,1.0588136645962734
QUEIJO MUSSARELA FAT 150G TIROLEZ,SACOLA PLASTICA MM BRANCA,0.016616696167322906,0.004226420546906044,0.25434782608695655,1.0588136645962734
PH NEVE FT 20M L32P28UN,LIMPOL DETERGENTE LOUCA NEUTRO 5LT,0.06969981577141206,0.004226420546906044,0.06063747084736979,1.9818501835510485
LIMPOL DETERGENTE LOUCA NEUTRO 5LT,PH NEVE FT 20M L32P28UN,0.03059639489939674,0.004226420546906044,0.13813459268004724,1.9818501835510483
REQUEIJAO LIGHT MEMBERS MARK 500G,SACOLA PLASTICA MM BRANCA,0.01652638803597876,0.004208358920637214,0.25464480874316936,1.0600499609679936
SACOLA PLASTICA MM BRANCA,REQUEIJAO LIGHT MEMBERS MARK 500G,0.24021962937542896,0.004208358920637214,0.0175187969924812,1.0600499609679936
SUCO DE LARANJA INTEGRAL 2L,PAPEL TOALHA KITCHEN JUMB FD C360FL,0.03825452443738034,0.004190297294368385,0.10953729933899906,1.0342159132338031
PAPEL TOALHA KITCHEN JUMB FD C360FL,SUCO DE LARANJA INTEGRAL 2L,0.1059133764404147,0.004190297294368385,0.039563437926330144,1.0342159132338031
SACOLA PLASTICA MM BRANCA,LEITE FERMENTADO CHAMYTO 450G,0.24021962937542896,0.004190297294368385,0.01744360902255639,1.0395940335229892
LEITE FERMENTADO CHAMYTO 450G,SACOLA PLASTICA MM BRANCA,0.01677925080374237,0.004190297294368385,0.24973089343379976,1.0395940335229894
CR DE LEITE PIRACANJUBA TP 200G,MM LAVA ROUPAS 5LTS ULTIMATE CLEAN,0.03144529133403172,0.004118050789293068,0.13095921883974726,1.6921092439396608
MM LAVA ROUPAS 5LTS ULTIMATE CLEAN,CR DE LEITE PIRACANJUBA TP 200G,0.07739406856193332,0.004118050789293068,0.05320886814469079,1.692109243939661
ACUC REF UNIAO 1KG,LEITE COND MOCA LT 395G,0.031011812303579814,0.004118050789293068,0.13278974956319162,4.974314799942941
LEITE COND MOCA LT 395G,ACUC REF UNIAO 1KG,0.026695083625329626,0.004118050789293068,0.15426251691474965,4.974314799942941
CR DE LEITE PIRACANJUBA TP 200G,PH NEVE FT 20M L32P28UN,0.03144529133403172,0.004099989163024238,0.13038483630097641,1.8706625671520758
PH NEVE FT 20M L32P28UN,CR DE LEITE PIRACANJUBA TP 200G,0.06969981577141206,0.004099989163024238,0.0588235294117647,1.8706625671520758
DESENGORDURANTE 1.1LT MEMBERS MARK,MM LAVA ROUPAS 5LTS ULTIMATE CLEAN,0.0187118448145071,0.00406386591048658,0.21718146718146716,2.806177155652068
MM LAVA ROUPAS 5LTS ULTIMATE CLEAN,DESENGORDURANTE 1.1LT MEMBERS MARK,0.07739406856193332,0.00406386591048658,0.052508751458576426,2.806177155652068
CR DE LEITE PIRACANJUBA TP 200G,PH PERSONAL VIP FD 40 ROLOSX30M,0.03144529133403172,0.00406386591048658,0.12923607122343478,1.952861440872459
PH PERSONAL VIP FD 40 ROLOSX30M,CR DE LEITE PIRACANJUBA TP 200G,0.06617779864899036,0.00406386591048658,0.06140829694323144,1.9528614408724592
BISC POLV SALGADO 300G MEMBERS MARK,PAPEL TOALHA KITCHEN JUMB FD C360FL,0.029097279919083913,0.004045804284217751,0.13904407200496585,1.3128093606116882
PAPEL TOALHA KITCHEN JUMB FD C360FL,BISC POLV SALGADO 300G MEMBERS MARK,0.1059133764404147,0.004045804284217751,0.03819918144611187,1.3128093606116882
PH NEVE FT 20M L32P28UN,LEITE COND MOCA LT 395G,0.06969981577141206,0.004045804284217751,0.05804612593936253,2.174412590499828
LEITE COND MOCA LT 395G,PH NEVE FT 20M L32P28UN,0.026695083625329626,0.004045804284217751,0.15155615696887687,2.174412590499828
LIMPOL LIQ 6X500ML DETERG LIQ COCO,MM LAVA ROUPAS 5LTS ULTIMATE CLEAN,0.024202579200231188,0.004045804284217751,0.16716417910447762,2.1599094376425922
MM LAVA ROUPAS 5LTS ULTIMATE CLEAN,LIMPOL LIQ 6X500ML DETERG LIQ COCO,0.07739406856193332,0.004045804284217751,0.052275379229871646,2.1599094376425922
PH PERSONAL VIP FD 40 ROLOSX30M,MANTEIGA COM SAL MEMBERS MARK 500G,0.06617779864899036,0.004027742657948922,0.060862445414847165,1.392442211916706
MANTEIGA COM SAL MEMBERS MARK 500G,PH PERSONAL VIP FD 40 ROLOSX30M,0.04370913557056677,0.004027742657948922,0.09214876033057852,1.392442211916706
CR DE LEITE PIRACANJUBA TP 200G,LEITE COND MOCA LT 395G,0.03144529133403172,0.004027742657948922,0.12808730614589317,4.798160887735806
LEITE COND MOCA LT 395G,CR DE LEITE PIRACANJUBA TP 200G,0.026695083625329626,0.004027742657948922,0.15087956698240865,4.798160887735805
PH PERSONAL VIP FD 40 ROLOSX30M,REQUEIJAO TRADIC CATUPIRY 500G,0.06617779864899036,0.004027742657948922,0.060862445414847165,1.4505855156428877
REQUEIJAO TRADIC CATUPIRY 500G,PH PERSONAL VIP FD 40 ROLOSX30M,0.041957157822490335,0.004027742657948922,0.09599655617735688,1.4505855156428877
PACK EXTRE/NRISCA PK MISTO C/10UNID,PH NEVE FT 20M L32P28UN,0.017411407723151393,0.004009681031680093,0.23029045643153528,3.3040324982607885
PH NEVE FT 20M L32P28UN,PACK EXTRE/NRISCA PK MISTO C/10UNID,0.06969981577141206,0.004009681031680093,0.05752785695776108,3.3040324982607885
LEITE FERMENTADO YAKULT 6X80G,MM LAVA ROUPAS 5LTS ULTIMATE CLEAN,0.0418126648123397,0.004009681031680093,0.09589632829373651,1.2390656038065382
MM LAVA ROUPAS 5LTS ULTIMATE CLEAN,LEITE FERMENTADO YAKULT 6X80G,0.07739406856193332,0.004009681031680093,0.05180863477246208,1.239065603806538
BATATA PALITO 2KG MCCAIN,PAPEL TOALHA KITCHEN JUMB FD C360FL,0.027634288191308747,0.004009681031680093,0.1450980392156863,1.369968969852607
PAPEL TOALHA KITCHEN JUMB FD C360FL,BATATA PALITO 2KG MCCAIN,0.1059133764404147,0.004009681031680093,0.0378581173260573,1.369968969852607
FILE PEITO FRANGO SADIA 1KG ZIP IQF,CENOURA KG,0.0440342448434057,0.003991619405411264,0.09064807219031995,2.4907301066447913
CENOURA KG,FILE PEITO FRANGO SADIA 1KG ZIP IQF,0.036394176931690926,0.003991619405411264,0.10967741935483873,2.4907301066447913
GOMA PARA TAPIOCA GOMA DE TAPIOCA 1,PAPEL TOALHA KITCHEN JUMB FD C360FL,0.0253224000288986,0.003973557779142434,0.15691868758915833,1.48157572596544
PAPEL TOALHA KITCHEN JUMB FD C360FL,GOMA PARA TAPIOCA GOMA DE TAPIOCA 1,0.1059133764404147,0.003973557779142434,0.03751705320600272,1.48157572596544
CENOURA KG,LIMAO TAITI KG,0.036394176931690926,0.003973557779142434,0.10918114143920596,6.168288854003141
LIMAO TAITI KG,CENOURA KG,0.01770039374345266,0.003973557779142434,0.22448979591836735,6.168288854003141
DOWNY BRISA DE VERAO CONCENTR 1.5LT,PAPEL TOALHA KITCHEN JUMB FD C360FL,0.020680562077809488,0.003973557779142434,0.19213973799126635,1.8141215439332286
PAPEL TOALHA KITCHEN JUMB FD C360FL,DOWNY BRISA DE VERAO CONCENTR 1.5LT,0.1059133764404147,0.003973557779142434,0.03751705320600272,1.8141215439332286
REQUEIJ CREMOSO 500G MEMBERS MARK,QJ MUSS INTERFOLHADA KG,0.05790557381786656,0.003973557779142434,0.06862133499688085,2.290107795923632
QJ MUSS INTERFOLHADA KG,REQUEIJ CREMOSO 500G MEMBERS MARK,0.029964237979987717,0.003973557779142434,0.13261000602772754,2.290107795923632
LIMPOL LIQ 6X500ML DETERG LIQ COCO,PH NEVE FT 20M L32P28UN,0.024202579200231188,0.003955496152873605,0.16343283582089552,2.344810154977896
PH NEVE FT 20M L32P28UN,LIMPOL LIQ 6X500ML DETERG LIQ COCO,0.06969981577141206,0.003955496152873605,0.0567504534853589,2.344810154977896
PAO FRANCES MEMBERS MARK,MANTEIGA COM SAL MEMBERS MARK 500G,0.06903153559946537,0.003955496152873605,0.05729984301412873,1.3109351687273767
MANTEIGA COM SAL MEMBERS MARK 500G,PAO FRANCES MEMBERS MARK,0.04370913557056677,0.003955496152873605,0.09049586776859504,1.3109351687273767
REQUEIJ CREMOSO 500G MEMBERS MARK,PH PERSONAL VIP FD 40 ROLOSX30M,0.05790557381786656,0.003955496152873605,0.06830941983780411,1.0322105182150279
PH PERSONAL VIP FD 40 ROLOSX30M,REQUEIJ CREMOSO 500G MEMBERS MARK,0.06617779864899036,0.003955496152873605,0.059770742358078596,1.0322105182150279
SUPER CANDIDA 5LT AGUA SANITARIA,LIMPOL DETERGENTE LOUCA NEUTRO 5LT,0.03578008163855074,0.003901311274067117,0.10903584048460373,3.5636826117299707
LIMPOL DETERGENTE LOUCA NEUTRO 5LT,SUPER CANDIDA 5LT AGUA SANITARIA,0.03059639489939674,0.003901311274067117,0.12750885478158205,3.5636826117299703
ACUC REF UNIAO 1KG,OMO LAVA ROUPAS LAVAG PERFEITA 5LT,0.031011812303579814,0.0038832496477982877,0.12521840419336053,2.2850501537803556
OMO LAVA ROUPAS LAVAG PERFEITA 5LT,ACUC REF UNIAO 1KG,0.05479897409962793,0.0038832496477982877,0.07086354647330256,2.285050153780355
PH PERSONAL VIP FD 40 ROLOSX30M,FILE PEITO FRANGO SADIA 1KG ZIP IQF,0.06617779864899036,0.003847126395260629,0.05813318777292576,1.3201813265938507
FILE PEITO FRANGO SADIA 1KG ZIP IQF,PH PERSONAL VIP FD 40 ROLOSX30M,0.0440342448434057,0.003847126395260629,0.08736669401148482,1.3201813265938505
LINGUICA CALABRESA SADIA 500G,PAPEL TOALHA KITCHEN JUMB FD C360FL,0.02322725138171441,0.003847126395260629,0.1656298600311042,1.5638238114737577
PAPEL TOALHA KITCHEN JUMB FD C360FL,LINGUICA CALABRESA SADIA 500G,0.1059133764404147,0.003847126395260629,0.03632332878581173,1.5638238114737575
BANANA NANICA KG,MAMAO PAPAYA KG,0.038019723295885564,0.0038290647689918,0.1007125890736342,4.749619426448749
MAMAO PAPAYA KG,BANANA NANICA KG,0.021204349239605534,0.0038290647689918,0.18057921635434412,4.749619426448748
REQUEIJ CREMOSO 500G MEMBERS MARK,BANANA PRATA KG,0.05790557381786656,0.0038290647689918,0.066126013724267,1.0166989380332594
BANANA PRATA KG,REQUEIJ CREMOSO 500G MEMBERS MARK,0.06503991619405411,0.0038290647689918,0.05887253540683144,1.0166989380332594
AZEITE RAHMA EXTRA VIRGEM 1LT,PAPEL TOALHA KITCHEN JUMB FD C360FL,0.01697792869269949,0.0037929415164541414,0.22340425531914893,2.1093110504774897
PAPEL TOALHA KITCHEN JUMB FD C360FL,AZEITE RAHMA EXTRA VIRGEM 1LT,0.1059133764404147,0.0037929415164541414,0.035811732605729875,2.1093110504774897
MANTEIGA COM SAL MEMBERS MARK 500G,REQUEIJAO TRADIC CATUPIRY 500G,0.04370913557056677,0.0037929415164541414,0.08677685950413223,2.0682253996150606
REQUEIJAO TRADIC CATUPIRY 500G,MANTEIGA COM SAL MEMBERS MARK 500G,0.041957157822490335,0.0037929415164541414,0.09040034438226431,2.0682253996150606
OMO LAVA ROUPAS LAVAG PERFEITA 5LT,LIMPOL DETERGENTE LOUCA NEUTRO 5LT,0.05479897409962793,0.0037929415164541414,0.06921555702043507,2.2622128276230273
LIMPOL DETERGENTE LOUCA NEUTRO 5LT,OMO LAVA ROUPAS LAVAG PERFEITA 5LT,0.03059639489939674,0.0037929415164541414,0.12396694214876033,2.2622128276230273
BANANA NANICA KG,BANANA PRATA KG,0.038019723295885564,0.0037929415164541414,0.09976247030878858,1.5338652960612023
BANANA PRATA KG,BANANA NANICA KG,0.06503991619405411,0.0037929415164541414,0.0583171341294085,1.5338652960612023
PAO FRANCES MEMBERS MARK,BANANA NANICA KG,0.06903153559946537,0.0037748798901853123,0.05468341182626897,1.4382906314362032
BANANA NANICA KG,PAO FRANCES MEMBERS MARK,0.038019723295885564,0.0037748798901853123,0.09928741092636578,1.4382906314362032
OLEO GIRASSOL SALADA PET 900ML,PAPEL TOALHA KITCHEN JUMB FD C360FL,0.019380124986453782,0.0037748798901853123,0.19478098788443615,1.8390593750357591
PAPEL TOALHA KITCHEN JUMB FD C360FL,OLEO GIRASSOL SALADA PET 900ML,0.1059133764404147,0.0037748798901853123,0.03564120054570259,1.8390593750357591
MM LAVA ROUPAS 5LTS ULTIMATE CLEAN,REQUEIJAO TRADIC CATUPIRY 500G,0.07739406856193332,0.003756818263916483,0.0485414235705951,1.1569283071070031
REQUEIJAO TRADIC CATUPIRY 500G,MM LAVA ROUPAS 5LTS ULTIMATE CLEAN,0.041957157822490335,0.003756818263916483,0.08953938872148084,1.1569283071070031
AZEITE EV ITALIANO ORGANICO 1L MM,PAPEL TOALHA KITCHEN JUMB FD C360FL,0.02151139688617563,0.003756818263916483,0.1746431570109152,1.6489244595952135
PAPEL TOALHA KITCHEN JUMB FD C360FL,AZEITE EV ITALIANO ORGANICO 1L MM,0.1059133764404147,0.003756818263916483,0.03547066848567531,1.6489244595952135
LIMPOL LIQ 6X500ML DETERG LIQ COCO,PH PERSONAL VIP FD 40 ROLOSX30M,0.024202579200231188,0.003756818263916483,0.15522388059701495,2.3455582350257447
PH PERSONAL VIP FD 40 ROLOSX30M,LIMPOL LIQ 6X500ML DETERG LIQ COCO,0.06617779864899036,0.003756818263916483,0.056768558951965066,2.3455582350257447
DESENGORDURANTE 1.1LT MEMBERS MARK,PAPEL TOALHA KITCHEN JUMB FD C360FL,0.0187118448145071,0.0037387566376476536,0.1998069498069498,1.8865128893266683
PAPEL TOALHA KITCHEN JUMB FD C360FL,DESENGORDURANTE 1.1LT MEMBERS MARK,0.1059133764404147,0.0037387566376476536,0.03530013642564802,1.886512889326668
PH NEVE FT 20M L32P28UN,COMFORT PRO AMACIANTE DILUIDO 5LT,0.06969981577141206,0.0037206950113788245,0.05338170510494947,2.312622445102216
COMFORT PRO AMACIANTE DILUIDO 5LT,PH NEVE FT 20M L32P28UN,0.023082758371563775,0.0037206950113788245,0.16118935837245696,2.312622445102216
BISNAGUINHAS 300G PANCO,PAPEL TOALHA KITCHEN JUMB FD C360FL,0.027688473070115235,0.0037206950113788245,0.13437703848662752,1.2687447327507877
PAPEL TOALHA KITCHEN JUMB FD C360FL,BISNAGUINHAS 300G PANCO,0.1059133764404147,0.0037206950113788245,0.03512960436562074,1.2687447327507877
MANTEIGA COM SAL MEMBERS MARK 500G,FILE PEITO FRANGO SADIA 1KG ZIP IQF,0.04370913557056677,0.0037206950113788245,0.08512396694214877,1.9331310720750652
FILE PEITO FRANGO SADIA 1KG ZIP IQF,MANTEIGA COM SAL MEMBERS MARK 500G,0.0440342448434057,0.0037206950113788245,0.0844954881050041,1.933131072075065
REQUEIJ CREMOSO 500G MEMBERS MARK,FILE PEITO FRANGO SADIA 1KG ZIP IQF,0.05790557381786656,0.0037026333851099954,0.06394260761072988,1.452110915904705
FILE PEITO FRANGO SADIA 1KG ZIP IQF,REQUEIJ CREMOSO 500G MEMBERS MARK,0.0440342448434057,0.0037026333851099954,0.08408531583264972,1.452110915904705
PH NEVE FT 20M L32P28UN,LEITE FERMENTADO YAKULT 6X80G,0.06969981577141206,0.003684571758841166,0.05286343612334801,1.264292442507683
LEITE FERMENTADO YAKULT 6X80G,PH NEVE FT 20M L32P28UN,0.0418126648123397,0.003684571758841166,0.08812095032397409,1.2642924425076831
OLEO SOJA LIZA PET 900ML,PH PERSONAL VIP FD 40 ROLOSX30M,0.02561138604919987,0.003684571758841166,0.14386459802538787,2.173910298655465
PH PERSONAL VIP FD 40 ROLOSX30M,OLEO SOJA LIZA PET 900ML,0.06617779864899036,0.003684571758841166,0.055676855895196505,2.173910298655465
SUPER CANDIDA 5LT AGUA SANITARIA,ALCOOL LIQ BACT 70 INPM TOPFORM 1L,0.03578008163855074,0.003684571758841166,0.10297829379101463,2.8708440151225156
ALCOOL LIQ BACT 70 INPM TOPFORM 1L,SUPER CANDIDA 5LT AGUA SANITARIA,0.03587038976989488,0.003684571758841166,0.1027190332326284,2.8708440151225156
OMO LAVA ROUPAS LAVAG PERFEITA 5LT,REQUEIJAO TRADIC CATUPIRY 500G,0.05479897409962793,0.003684571758841166,0.06723796967699407,1.6025387124995496
REQUEIJAO TRADIC CATUPIRY 500G,OMO LAVA ROUPAS LAVAG PERFEITA 5LT,0.041957157822490335,0.003684571758841166,0.0878174773999139,1.6025387124995494
KETCHUP HEINZ 1.033KG,PAPEL TOALHA KITCHEN JUMB FD C360FL,0.02129465737094968,0.003684571758841166,0.17302798982188294,1.6336745710229146
PAPEL TOALHA KITCHEN JUMB FD C360FL,KETCHUP HEINZ 1.033KG,0.1059133764404147,0.003684571758841166,0.034788540245566164,1.6336745710229146
FILTRO DE PAPEL120UN MM TAM 103,MM LAVA ROUPAS 5LTS ULTIMATE CLEAN,0.025665570928006358,0.003684571758841166,0.14356087262491202,1.8549337861729005
MM LAVA ROUPAS 5LTS ULTIMATE CLEAN,FILTRO DE PAPEL120UN MM TAM 103,0.07739406856193332,0.003684571758841166,0.04760793465577596,1.8549337861729005
BANANA PRATA KG,LEITE FERMENTADO YAKULT 6X80G,0.06503991619405411,0.0036484485063035077,0.05609552901971675,1.3415918184473596
LEITE FERMENTADO YAKULT 6X80G,BANANA PRATA KG,0.0418126648123397,0.0036484485063035077,0.08725701943844492,1.3415918184473596
CREME DENTAL TRIPLA ACAO 6X90G COLG,MM LAVA ROUPAS 5LTS ULTIMATE CLEAN,0.026622837120254306,0.0036484485063035077,0.13704206241519676,1.7707049772881642
MM LAVA ROUPAS 5LTS ULTIMATE CLEAN,CREME DENTAL TRIPLA ACAO 6X90G COLG,0.07739406856193332,0.0036484485063035077,0.0471411901983664,1.7707049772881642
ACUC REF UNIAO 1KG,OLEO SOJA LIZA PET 900ML,0.031011812303579814,0.0036484485063035077,0.11764705882352942,4.593545175474986
OLEO SOJA LIZA PET 900ML,ACUC REF UNIAO 1KG,0.02561138604919987,0.0036484485063035077,0.14245416078984485,4.593545175474985
LEITE FERMENTADO YAKULT 6X80G,REQUEIJAO TRADIC CATUPIRY 500G,0.0418126648123397,0.0036484485063035077,0.08725701943844492,2.079669452530754
REQUEIJAO TRADIC CATUPIRY 500G,LEITE FERMENTADO YAKULT 6X80G,0.041957157822490335,0.0036484485063035077,0.08695652173913045,2.079669452530754
LEITE CONDENSADO TP 395G PIRACANJ,PAPEL TOALHA KITCHEN JUMB FD C360FL,0.018693783188238267,0.003630386880034678,0.19420289855072465,1.8336012416711154
PAPEL TOALHA KITCHEN JUMB FD C360FL,LEITE CONDENSADO TP 395G PIRACANJ,0.1059133764404147,0.003630386880034678,0.03427694406548431,1.8336012416711154
PH NEVE FT 20M L32P28UN,FILE PEITO FRANGO SADIA 1KG ZIP IQF,0.06969981577141206,0.003612325253765849,0.051826898160145116,1.1769680244194398
FILE PEITO FRANGO SADIA 1KG ZIP IQF,PH NEVE FT 20M L32P28UN,0.0440342448434057,0.003612325253765849,0.08203445447087777,1.17696802441944
PH PERSONAL VIP FD 40 ROLOSX30M,SACOLA PLASTICA MM CINZA,0.06617779864899036,0.003612325253765849,0.05458515283842794,1.0138079745227782
SACOLA PLASTICA MM CINZA,PH PERSONAL VIP FD 40 ROLOSX30M,0.05384170790737998,0.003612325253765849,0.06709158000670916,1.0138079745227782
BISNAGUINHAS 300G PANCO,LEITE FERMENTADO YAKULT 6X80G,0.027688473070115235,0.003612325253765849,0.1304631441617743,3.1201824793351167
LEITE FERMENTADO YAKULT 6X80G,BISNAGUINHAS 300G PANCO,0.0418126648123397,0.003612325253765849,0.08639308855291576,3.1201824793351167
MANTEIGA TABLETE C/SAL 200G,PAPEL TOALHA KITCHEN JUMB FD C360FL,0.02172813640140158,0.003612325253765849,0.1662510390689942,1.5696887839518985
PAPEL TOALHA KITCHEN JUMB FD C360FL,MANTEIGA TABLETE C/SAL 200G,0.1059133764404147,0.003612325253765849,0.034106412005457026,1.5696887839518985
BISC CH PETIT BEURRE GRIESSON 150G,MM LAVA ROUPAS 5LTS ULTIMATE CLEAN,0.03863381858902576,0.00359426362749702,0.0930341280972417,1.2020834390272774
MM LAVA ROUPAS 5LTS ULTIMATE CLEAN,BISC CH PETIT BEURRE GRIESSON 150G,0.07739406856193332,0.00359426362749702,0.046441073512252046,1.2020834390272774
PH PERSONAL VIP FD 40 ROLOSX30M,MON BIJOU PUREZA 5LT AMAC DILUIDO,0.06617779864899036,0.0035762020012281904,0.05403930131004366,2.491207290867508
MON BIJOU PUREZA 5LT AMAC DILUIDO,PH PERSONAL VIP FD 40 ROLOSX30M,0.021692013148863924,0.0035762020012281904,0.16486261448792672,2.4912072908675085
PH PERSONAL VIP FD 40 ROLOSX30M,LEITE FERMENTADO YAKULT 6X80G,0.06617779864899036,0.0035762020012281904,0.05403930131004366,1.2924146679619342
LEITE FERMENTADO YAKULT 6X80G,PH PERSONAL VIP FD 40 ROLOSX30M,0.0418126648123397,0.0035762020012281904,0.08552915766738661,1.2924146679619342
REQUEIJAO LIGHT CATUPIRY 500G,PAPEL TOALHA KITCHEN JUMB FD C360FL,0.019777480764368024,0.0035581403749593613,0.17990867579908676,1.698639792682851
PAPEL TOALHA KITCHEN JUMB FD C360FL,REQUEIJAO LIGHT CATUPIRY 500G,0.1059133764404147,0.0035581403749593613,0.03359481582537517,1.698639792682851
PAO ITALIANO MEMBERS MARK,PAO FRANCES MEMBERS MARK,0.03146335296030055,0.0035581403749593613,0.11308840413318025,1.638213653385049
PAO FRANCES MEMBERS MARK,PAO ITALIANO MEMBERS MARK,0.06903153559946537,0.0035581403749593613,0.05154369440083726,1.638213653385049
PH PERSONAL VIP FD 40 ROLOSX30M,QBOA 5LT AGUA SANITARIA,0.06617779864899036,0.0035581403749593613,0.05376637554585153,2.2483603840420057
QBOA 5LT AGUA SANITARIA,PH PERSONAL VIP FD 40 ROLOSX30M,0.023913593179929922,0.0035581403749593613,0.14879154078549847,2.2483603840420057
BATATA ESPECIAL KG KG,LIMAO TAITI KG,0.016418018278365785,0.0035581403749593613,0.21672167216721672,12.243889899194002
LIMAO TAITI KG,BATATA ESPECIAL KG KG,0.01770039374345266,0.0035581403749593613,0.20102040816326533,12.243889899194002
ACUC REF UNIAO 1KG,REQUEIJAO TRADIC CATUPIRY 500G,0.031011812303579814,0.003540078748690532,0.11415259172976122,2.7206940997460007
REQUEIJAO TRADIC CATUPIRY 500G,ACUC REF UNIAO 1KG,0.041957157822490335,0.003540078748690532,0.08437365475678003,2.7206940997460007
LIMPOL 6X500ML DETERG LIQ NATURAL,REQUEIJAO TRADIC CATUPIRY 500G,0.044883141278040675,0.003540078748690532,0.07887323943661972,1.879851818617257
REQUEIJAO TRADIC CATUPIRY 500G,LIMPOL 6X500ML DETERG LIQ NATURAL,0.041957157822490335,0.003540078748690532,0.08437365475678003,1.8798518186172568
PH NEVE FT 20M L32P28UN,SAL REF CISNE 1KG,0.06969981577141206,0.0035220171224217027,0.050531225706141485,2.2544011623257285
SAL REF CISNE 1KG,PH NEVE FT 20M L32P28UN,0.022414478199617095,0.0035220171224217027,0.1571313456889605,2.254401162325729
MANTEIGA COM SAL MEMBERS MARK 500G,PH NEVE FT 20M L32P28UN,0.04370913557056677,0.0035220171224217027,0.08057851239669421,1.1560792737381114
PH NEVE FT 20M L32P28UN,MANTEIGA COM SAL MEMBERS MARK 500G,0.06969981577141206,0.0035220171224217027,0.050531225706141485,1.1560792737381114
ACUC REF UNIAO 1KG,CR DE LEITE PIRACANJUBA TP 200G,0.031011812303579814,0.0035220171224217027,0.11357018054746651,3.611675253412424
CR DE LEITE PIRACANJUBA TP 200G,ACUC REF UNIAO 1KG,0.03144529133403172,0.0035220171224217027,0.11200459506031014,3.611675253412424
OMO LAVA ROUPAS LAVAG PERFEITA 5LT,SACOLA PLASTICA MM CINZA,0.05479897409962793,0.0035220171224217027,0.06427158866183257,1.1937137798896418
SACOLA PLASTICA MM CINZA,OMO LAVA ROUPAS LAVAG PERFEITA 5LT,0.05384170790737998,0.0035220171224217027,0.06541429050654143,1.1937137798896418
MARGARINA QUALY COM SAL 500G,PAPEL TOALHA KITCHEN JUMB FD C360FL,0.01959686450167973,0.0035220171224217027,0.17972350230414746,1.6968914441629313
PAPEL TOALHA KITCHEN JUMB FD C360FL,MARGARINA QUALY COM SAL 500G,0.1059133764404147,0.0035220171224217027,0.0332537517053206,1.696891444162931
PH PERSONAL VIP FD 40 ROLOSX30M,FILTRO DE PAPEL120UN MM TAM 103,0.06617779864899036,0.0035220171224217027,0.05322052401746724,2.073615434729832
FILTRO DE PAPEL120UN MM TAM 103,PH PERSONAL VIP FD 40 ROLOSX30M,0.025665570928006358,0.0035220171224217027,0.13722730471498942,2.073615434729832
OMO LAVA ROUPAS EM PO 5.6KG,PH PERSONAL VIP FD 40 ROLOSX30M,0.02275764909872485,0.0035220171224217027,0.15476190476190477,2.3385774069453107
PH PERSONAL VIP FD 40 ROLOSX30M,OMO LAVA ROUPAS EM PO 5.6KG,0.06617779864899036,0.0035220171224217027,0.05322052401746724,2.3385774069453107
OMO LAVA ROUPAS LAVAG PERFEITA 5LT,LEITE FERMENTADO YAKULT 6X80G,0.05479897409962793,0.0035220171224217027,0.06427158866183257,1.5371320854648043
LEITE FERMENTADO YAKULT 6X80G,OMO LAVA ROUPAS LAVAG PERFEITA 5LT,0.0418126648123397,0.0035220171224217027,0.08423326133909287,1.537132085464804
WAFFLE TRAD 525G FORNO DE MINAS,PAPEL TOALHA KITCHEN JUMB FD C360FL,0.027959397464147672,0.0035039554961528736,0.12532299741602068,1.1832593920421899
PAPEL TOALHA KITCHEN JUMB FD C360FL,WAFFLE TRAD 525G FORNO DE MINAS,0.1059133764404147,0.0035039554961528736,0.033083219645293316,1.1832593920421897
MACA LOONEY TUN MACA RASIP 1.5 KG,BANANA PRATA KG,0.019018892461077196,0.0034858938698840445,0.18328584995251662,2.8180517546434425
BANANA PRATA KG,MACA LOONEY TUN MACA RASIP 1.5 KG,0.06503991619405411,0.0034858938698840445,0.053596223271313526,2.818051754643442
MANTEIGA COM SAL MEMBERS MARK 500G,BANANA PRATA KG,0.04370913557056677,0.0034858938698840445,0.07975206611570249,1.2262018585287375
BANANA PRATA KG,MANTEIGA COM SAL MEMBERS MARK 500G,0.06503991619405411,0.0034858938698840445,0.053596223271313526,1.2262018585287375
QJ MUSS INTERFOLHADA KG,PAPEL TOALHA KITCHEN JUMB FD C360FL,0.029964237979987717,0.0034858938698840445,0.11633514165159735,1.0983989516852557
PAPEL TOALHA KITCHEN JUMB FD C360FL,QJ MUSS INTERFOLHADA KG,0.1059133764404147,0.0034858938698840445,0.03291268758526603,1.0983989516852557
BANANA NANICA KG,SACOLA PLASTICA MM CINZA,0.038019723295885564,0.003449770617346386,0.09073634204275534,1.6852426412409232
SACOLA PLASTICA MM CINZA,BANANA NANICA KG,0.05384170790737998,0.003449770617346386,0.06407245890640724,1.685242641240923
CENOURA KG,MAMAO PAPAYA KG,0.036394176931690926,0.003449770617346386,0.09478908188585608,4.4702660201808415
MAMAO PAPAYA KG,CENOURA KG,0.021204349239605534,0.003449770617346386,0.16269165247018738,4.4702660201808415
BISC CH PETIT BEURRE GRIESSON 150G,PH NEVE FT 20M L32P28UN,0.03863381858902576,0.003413647364808727,0.08835904628330994,1.2677084624311319
PH NEVE FT 20M L32P28UN,BISC CH PETIT BEURRE GRIESSON 150G,0.06969981577141206,0.003413647364808727,0.04897641876133713,1.267708462431132
OMO LAVA ROUPAS EM PO 5.6KG,LIMPOL 6X500ML DETERG LIQ NATURAL,0.02275764909872485,0.003395585738539898,0.1492063492063492,3.3243294688767526
LIMPOL 6X500ML DETERG LIQ NATURAL,OMO LAVA ROUPAS EM PO 5.6KG,0.044883141278040675,0.003395585738539898,0.07565392354124749,3.3243294688767526
SUCO NATURAL ONE LARANJA 2L,SUCO NATURAL ONE UVA/MACA 2L,0.021637828270057436,0.003395585738539898,0.15692821368948245,8.543252191870094
SUCO NATURAL ONE UVA/MACA 2L,SUCO NATURAL ONE LARANJA 2L,0.01836867391539934,0.003395585738539898,0.1848574237954769,8.543252191870096
CR DE LEITE PIRACANJUBA TP 200G,REQUEIJAO TRADIC CATUPIRY 500G,0.03144529133403172,0.003395585738539898,0.1079839172889144,2.5736709275152974
REQUEIJAO TRADIC CATUPIRY 500G,CR DE LEITE PIRACANJUBA TP 200G,0.041957157822490335,0.003395585738539898,0.08092983211364616,2.5736709275152974
SACOLA PLASTICA MM VERDE,PAO FRANCES MEMBERS MARK,0.047664631723440376,0.003377524112271069,0.07086017430845018,1.0264899033913273
PAO FRANCES MEMBERS MARK,SACOLA PLASTICA MM VERDE,0.06903153559946537,0.003377524112271069,0.0489272632129775,1.0264899033913273
OMO LAVA ROUPAS LAVAG PERFEITA 5LT,DOWNY BRISA DE VERAO CONCENTR 1.5LT,0.05479897409962793,0.003377524112271069,0.06163480553724456,2.9803254527293292
DOWNY BRISA DE VERAO CONCENTR 1.5LT,OMO LAVA ROUPAS LAVAG PERFEITA 5LT,0.020680562077809488,0.003377524112271069,0.1633187772925764,2.9803254527293292
OLEO SOJA LIZA PET 900ML,SAL REF CISNE 1KG,0.02561138604919987,0.003377524112271069,0.13187588152327223,5.883513341190564
SAL REF CISNE 1KG,OLEO SOJA LIZA PET 900ML,0.022414478199617095,0.003377524112271069,0.1506849315068493,5.883513341190564
PH NEVE FT 20M L32P28UN,VEJA LIMPEZA PESADA CLORO 2X1LT,0.06969981577141206,0.0033594624860022394,0.04819901528893496,2.6034992004752904
VEJA LIMPEZA PESADA CLORO 2X1LT,PH NEVE FT 20M L32P28UN,0.018513166925549978,0.0033594624860022394,0.1814634146341463,2.60349920047529
SACOLA PLASTICA MM VERDE,BANANA PRATA KG,0.047664631723440376,0.0033594624860022394,0.070481242895036,1.0836613424400343
BANANA PRATA KG,SACOLA PLASTICA MM VERDE,0.06503991619405411,0.0033594624860022394,0.05165231880033324,1.0836613424400343
LIMPOL 6X500ML DETERG LIQ NEUTRO,PH PERSONAL VIP FD 40 ROLOSX30M,0.025737817433081674,0.0033594624860022394,0.13052631578947368,1.97235807860262
PH PERSONAL VIP FD 40 ROLOSX30M,LIMPOL 6X500ML DETERG LIQ NEUTRO,0.06617779864899036,0.0033594624860022394,0.050764192139737985,1.9723580786026198
MAMAO FORMOSA KG,CENOURA KG,0.017050175197774808,0.0033414008597334103,0.19597457627118645,5.384778357235985
CENOURA KG,MAMAO FORMOSA KG,0.036394176931690926,0.0033414008597334103,0.09181141439205956,5.384778357235985
CR DE LEITE PIRACANJUBA TP 200G,FILE PEITO FRANGO SADIA 1KG ZIP IQF,0.03144529133403172,0.0033233392334645812,0.10568638713383112,2.4000953691762485
FILE PEITO FRANGO SADIA 1KG ZIP IQF,CR DE LEITE PIRACANJUBA TP 200G,0.0440342448434057,0.0033233392334645812,0.07547169811320754,2.4000953691762485
LIMPOL LIQ 6X500ML DETERG LIQ COCO,OMO LAVA ROUPAS LAVAG PERFEITA 5LT,0.024202579200231188,0.0033052776071957517,0.13656716417910447,2.492148191147099
OMO LAVA ROUPAS LAVAG PERFEITA 5LT,LIMPOL LIQ 6X500ML DETERG LIQ COCO,0.05479897409962793,0.0033052776071957517,0.06031641397495056,2.492148191147099
LIMPOL 6X500ML DETERG LIQ NEUTRO,MM LAVA ROUPAS 5LTS ULTIMATE CLEAN,0.025737817433081674,0.0033052776071957517,0.12842105263157894,1.6593138856476077
MM LAVA ROUPAS 5LTS ULTIMATE CLEAN,LIMPOL 6X500ML DETERG LIQ NEUTRO,0.07739406856193332,0.0033052776071957517,0.04270711785297549,1.6593138856476077
ACUC REF UNIAO 1KG,ALCOOL LIQ BACT 70 INPM TOPFORM 1L,0.031011812303579814,0.0033052776071957517,0.1065812463599301,2.9712876565779913
ALCOOL LIQ BACT 70 INPM TOPFORM 1L,ACUC REF UNIAO 1KG,0.03587038976989488,0.0033052776071957517,0.09214501510574018,2.9712876565779913
OMO LAVA ROUPAS LAVAG PERFEITA 5LT,MANTEIGA AVIACAO COM SAL POTE 500G,0.05479897409962793,0.0032872159809269226,0.05998681608437706,2.18934084332737
MANTEIGA AVIACAO COM SAL POTE 500G,OMO LAVA ROUPAS LAVAG PERFEITA 5LT,0.027399487049813966,0.0032872159809269226,0.11997363216875412,2.18934084332737
PH NEVE FT 20M L32P28UN,CREME DENTAL TRIPLA ACAO 6X90G COLG,0.06969981577141206,0.0032872159809269226,0.047162477325732054,1.7715045587628773
CREME DENTAL TRIPLA ACAO 6X90G COLG,PH NEVE FT 20M L32P28UN,0.026622837120254306,0.0032872159809269226,0.12347354138398915,1.7715045587628773
LIMPOL LIQ 6X500ML DETERG LIQ COCO,SUPER CANDIDA 5LT AGUA SANITARIA,0.024202579200231188,0.0032872159809269226,0.13582089552238807,3.7959917725858343
SUPER CANDIDA 5LT AGUA SANITARIA,LIMPOL LIQ 6X500ML DETERG LIQ COCO,0.03578008163855074,0.0032872159809269226,0.09187279151943462,3.795991772585834
CR DE LEITE NESTLE LT 300G,PH NEVE FT 20M L32P28UN,0.019344001733916122,0.0032691543546580935,0.16900093370681607,2.4246969929027156
PH NEVE FT 20M L32P28UN,CR DE LEITE NESTLE LT 300G,0.06969981577141206,0.0032691543546580935,0.04690334283493133,2.4246969929027156
PAO FRANCES MEMBERS MARK,CENOURA KG,0.06903153559946537,0.0032691543546580935,0.04735740450026165,1.3012357605764202
CENOURA KG,PAO FRANCES MEMBERS MARK,0.036394176931690926,0.0032691543546580935,0.08982630272952855,1.3012357605764202
ACUC REF UNIAO 1KG,MM LAVA ROUPAS 5LTS ULTIMATE CLEAN,0.031011812303579814,0.0032691543546580935,0.10541642399534072,1.3620736828298796
MM LAVA ROUPAS 5LTS ULTIMATE CLEAN,ACUC REF UNIAO 1KG,0.07739406856193332,0.0032691543546580935,0.04224037339556593,1.3620736828298796
REQUEIJ CREMOSO 500G MEMBERS MARK,SUCO DE LARANJA INTEGRAL 2L,0.05790557381786656,0.0032691543546580935,0.05645664379288833,1.4758161190920942
SUCO DE LARANJA INTEGRAL 2L,REQUEIJ CREMOSO 500G MEMBERS MARK,0.03825452443738034,0.0032691543546580935,0.08545797922568461,1.4758161190920942
BISNAGUINHAS 300G PANCO,PAO FORMA 500G PANCO,0.027688473070115235,0.0032691543546580935,0.11806914546640573,6.563269385434759
PAO FORMA 500G PANCO,BISNAGUINHAS 300G PANCO,0.017989379763753928,0.0032691543546580935,0.1817269076305221,6.56326938543476
CR DE LEITE PIRACANJUBA TP 200G,LIMPOL 6X500ML DETERG LIQ NATURAL,0.03144529133403172,0.003251092728389264,0.10338885697874783,2.303512054521269
LIMPOL 6X500ML DETERG LIQ NATURAL,CR DE LEITE PIRACANJUBA TP 200G,0.044883141278040675,0.003251092728389264,0.07243460764587524,2.3035120545212684
PH NEVE FT 20M L32P28UN,DOWNY BRISA DE VERAO CONCENTR 1.5LT,0.06969981577141206,0.003251092728389264,0.0466442083441306,2.2554613442629994
DOWNY BRISA DE VERAO CONCENTR 1.5LT,PH NEVE FT 20M L32P28UN,0.020680562077809488,0.003251092728389264,0.15720524017467247,2.255461344263
BANANA PRATA KG,SACOLA BIODEGRADAVEL MEMBERS MARK,0.06503991619405411,0.003251092728389264,0.049986114968064425,2.248197596524659
SACOLA BIODEGRADAVEL MEMBERS MARK,BANANA PRATA KG,0.022233861936928802,0.003251092728389264,0.14622258326563767,2.248197596524659
PAO FRANCES MEMBERS MARK,FILE PEITO FRANGO SADIA 1KG ZIP IQF,0.06903153559946537,0.003233031102120435,0.04683411826268969,1.0635839998901055
FILE PEITO FRANGO SADIA 1KG ZIP IQF,PAO FRANCES MEMBERS MARK,0.0440342448434057,0.003233031102120435,0.0734208367514356,1.0635839998901055
QBOA 5LT AGUA SANITARIA,MM LAVA ROUPAS 5LTS ULTIMATE CLEAN,0.023913593179929922,0.003233031102120435,0.13519637462235648,1.7468570542220279
MM LAVA ROUPAS 5LTS ULTIMATE CLEAN,QBOA 5LT AGUA SANITARIA,0.07739406856193332,0.003233031102120435,0.04177362893815636,1.7468570542220279
OMO LAVA ROUPAS LAVAG PERFEITA 5LT,VEJA LIMPEZA PESADA CLORO 2X1LT,0.05479897409962793,0.0032149694758516058,0.05866842452208306,3.169010723989903
VEJA LIMPEZA PESADA CLORO 2X1LT,OMO LAVA ROUPAS LAVAG PERFEITA 5LT,0.018513166925549978,0.0032149694758516058,0.17365853658536584,3.169010723989903
FILTRO DE PAPEL120UN MM TAM 103,LIMPOL 6X500ML DETERG LIQ NATURAL,0.025665570928006358,0.0031969078495827762,0.12456016889514425,2.775210587947105
LIMPOL 6X500ML DETERG LIQ NATURAL,FILTRO DE PAPEL120UN MM TAM 103,0.044883141278040675,0.0031969078495827762,0.07122736418511066,2.7752105879471056
MAC INST NISSIN GAL CAIPIRA 5X85GR,PAPEL TOALHA KITCHEN JUMB FD C360FL,0.018513166925549978,0.0031969078495827762,0.17268292682926828,1.630416597344691
PAPEL TOALHA KITCHEN JUMB FD C360FL,MAC INST NISSIN GAL CAIPIRA 5X85GR,0.1059133764404147,0.0031969078495827762,0.030184174624829467,1.630416597344691
HASTES FLEXIVEIS COTONETE C/300UN,PH NEVE FT 20M L32P28UN,0.01986778889571217,0.0031969078495827762,0.16090909090909092,2.3086013804801055
PH NEVE FT 20M L32P28UN,HASTES FLEXIVEIS COTONETE C/300UN,0.06969981577141206,0.0031969078495827762,0.04586680487172842,2.3086013804801055
OMO LAVA ROUPAS LAVAG PERFEITA 5LT,PAPEL TOALHA SNOB HIPER 360 FLS,0.05479897409962793,0.0031969078495827762,0.058338826631509556,2.073162692734376
PAPEL TOALHA SNOB HIPER 360 FLS,OMO LAVA ROUPAS LAVAG PERFEITA 5LT,0.028140013726835965,0.0031969078495827762,0.11360718870346598,2.073162692734376
BANANA PRATA KG,SUCO DE LARANJA INTEGRAL 2L,0.06503991619405411,0.003178846223313947,0.048875312413218554,1.2776348192021996
SUCO DE LARANJA INTEGRAL 2L,BANANA PRATA KG,0.03825452443738034,0.003178846223313947,0.08309726156751653,1.2776348192021993
SACOLA PLASTICA MM VERDE,REQUEIJ CREMOSO 500G MEMBERS MARK,0.047664631723440376,0.003178846223313947,0.06669192876089428,1.151735910098463
REQUEIJ CREMOSO 500G MEMBERS MARK,SACOLA PLASTICA MM VERDE,0.05790557381786656,0.003178846223313947,0.05489706799750468,1.151735910098463
CENOURA KG,MM LAVA ROUPAS 5LTS ULTIMATE CLEAN,0.036394176931690926,0.003178846223313947,0.08734491315136476,1.1285737366484159
MM LAVA ROUPAS 5LTS ULTIMATE CLEAN,CENOURA KG,0.07739406856193332,0.003178846223313947,0.041073512252042005,1.1285737366484159
BATATA PALITO 2KG MCCAIN,PH PERSONAL VIP FD 40 ROLOSX30M,0.027634288191308747,0.003160784597045118,0.11437908496732026,1.7283603761737591
PH PERSONAL VIP FD 40 ROLOSX30M,BATATA PALITO 2KG MCCAIN,0.06617779864899036,0.003160784597045118,0.047762008733624454,1.7283603761737591
ALCOOL LIQ BACT 70 INPM TOPFORM 1L,BANANA PRATA KG,0.03587038976989488,0.003160784597045118,0.08811681772406849,1.354811366317905
BANANA PRATA KG,ALCOOL LIQ BACT 70 INPM TOPFORM 1L,0.06503991619405411,0.003160784597045118,0.04859761177450708,1.3548113663179049
SUCO DE LARANJA INTEGRAL 2L,MM LAVA ROUPAS 5LTS ULTIMATE CLEAN,0.03825452443738034,0.003160784597045118,0.08262511803588292,1.0675897981737907
MM LAVA ROUPAS 5LTS ULTIMATE CLEAN,SUCO DE LARANJA INTEGRAL 2L,0.07739406856193332,0.003160784597045118,0.040840140023337225,1.0675897981737907
OLEO SOJA LIZA PET 900ML,PH NEVE FT 20M L32P28UN,0.02561138604919987,0.0031427229707762885,0.12270803949224258,1.7605217192349063
PH NEVE FT 20M L32P28UN,OLEO SOJA LIZA PET 900ML,0.06969981577141206,0.0031427229707762885,0.04508940139932625,1.7605217192349063
ACUC REF UNIAO 1KG,SACOLA PLASTICA MM CINZA,0.031011812303579814,0.0031427229707762885,0.10133954571927781,1.8821755411920615
SACOLA PLASTICA MM CINZA,ACUC REF UNIAO 1KG,0.05384170790737998,0.0031427229707762885,0.05836967460583697,1.8821755411920615
OMO LAVA ROUPAS LAVAG PERFEITA 5LT,LIMPOL 6X500ML DETERG LIQ NEUTRO,0.05479897409962793,0.0031246613445074594,0.05702043506921556,2.215433970555922
LIMPOL 6X500ML DETERG LIQ NEUTRO,OMO LAVA ROUPAS LAVAG PERFEITA 5LT,0.025737817433081674,0.0031246613445074594,0.12140350877192982,2.215433970555922
DOWNY BRISA DE VERAO CONCENTR 1.5LT,MM LAVA ROUPAS 5LTS ULTIMATE CLEAN,0.020680562077809488,0.0031246613445074594,0.15109170305676856,1.9522387938018781
MM LAVA ROUPAS 5LTS ULTIMATE CLEAN,DOWNY BRISA DE VERAO CONCENTR 1.5LT,0.07739406856193332,0.0031246613445074594,0.04037339556592765,1.952238793801878
CEBOLA KG KG,PAPEL TOALHA KITCHEN JUMB FD C360FL,0.02196293754289636,0.0031065997182386303,0.14144736842105263,1.33550051159618
PAPEL TOALHA KITCHEN JUMB FD C360FL,CEBOLA KG KG,0.1059133764404147,0.0031065997182386303,0.029331514324693043,1.3355005115961802
OMO LAVA ROUPAS LAVAG PERFEITA 5LT,FILE PEITO FRANGO SADIA 1KG ZIP IQF,0.05479897409962793,0.0031065997182386303,0.05669083717864206,1.2874261243776441
FILE PEITO FRANGO SADIA 1KG ZIP IQF,OMO LAVA ROUPAS LAVAG PERFEITA 5LT,0.0440342448434057,0.0031065997182386303,0.07054963084495489,1.2874261243776441
GOMA PARA TAPIOCA GOMA DE TAPIOCA 1,BANANA PRATA KG,0.0253224000288986,0.0031065997182386303,0.12268188302425108,1.886255244521157
BANANA PRATA KG,GOMA PARA TAPIOCA GOMA DE TAPIOCA 1,0.06503991619405411,0.0031065997182386303,0.047764509858372675,1.8862552445211567
SUPER CANDIDA 5LT AGUA SANITARIA,REQUEIJAO TRADIC CATUPIRY 500G,0.03578008163855074,0.0030885380919698007,0.08632004038364462,2.057337647817851
REQUEIJAO TRADIC CATUPIRY 500G,SUPER CANDIDA 5LT AGUA SANITARIA,0.041957157822490335,0.0030885380919698007,0.07361170899698666,2.057337647817851
PH PERSONAL VIP FD 40 ROLOSX30M,MANTEIGA AVIACAO COM SAL POTE 500G,0.06617779864899036,0.0030885380919698007,0.04667030567685589,1.7033277152965085
MANTEIGA AVIACAO COM SAL POTE 500G,PH PERSONAL VIP FD 40 ROLOSX30M,0.027399487049813966,0.0030885380919698007,0.1127224785761371,1.7033277152965083
PH NEVE FT 20M L32P28UN,CENOURA KG,0.06969981577141206,0.0030885380919698007,0.04431199792692407,1.2175573584228676
CENOURA KG,PH NEVE FT 20M L32P28UN,0.036394176931690926,0.0030885380919698007,0.084863523573201,1.2175573584228676
HASTES FLEXIVEIS COTONETE C/300UN,PH PERSONAL VIP FD 40 ROLOSX30M,0.01986778889571217,0.0030704764657009716,0.15454545454545454,2.335306669313219
PH PERSONAL VIP FD 40 ROLOSX30M,HASTES FLEXIVEIS COTONETE C/300UN,0.06617779864899036,0.0030704764657009716,0.04639737991266375,2.3353066693132196
MANTEIGA TABLETE C/SAL 200G,REQUEIJAO TRADIC CATUPIRY 500G,0.02172813640140158,0.0030704764657009716,0.14131338320864506,3.368039937464418
REQUEIJAO TRADIC CATUPIRY 500G,MANTEIGA TABLETE C/SAL 200G,0.041957157822490335,0.0030704764657009716,0.07318123116659492,3.3680399374644177
PACK EXTRE/NRISCA PK MISTO C/10UNID,LIMPOL 6X500ML DETERG LIQ NATURAL,0.017411407723151393,0.0030524148394321425,0.17531120331950206,3.905947719512093
LIMPOL 6X500ML DETERG LIQ NATURAL,PACK EXTRE/NRISCA PK MISTO C/10UNID,0.044883141278040675,0.0030524148394321425,0.06800804828973843,3.9059477195120933
SACOLA PLASTICA MM CINZA,LIMPOL 6X500ML DETERG LIQ NATURAL,0.05384170790737998,0.0030524148394321425,0.05669238510566924,1.2631109029217236
LIMPOL 6X500ML DETERG LIQ NATURAL,SACOLA PLASTICA MM CINZA,0.044883141278040675,0.0030524148394321425,0.06800804828973843,1.2631109029217236
OMO LAVA ROUPAS LAVAG PERFEITA 5LT,CREME DENTAL TRIPLA ACAO 6X90G COLG,0.05479897409962793,0.0030524148394321425,0.05570204350692155,2.0922654957966205
CREME DENTAL TRIPLA ACAO 6X90G COLG,OMO LAVA ROUPAS LAVAG PERFEITA 5LT,0.026622837120254306,0.0030524148394321425,0.11465400271370421,2.092265495796621
OMO LAVA ROUPAS LAVAG PERFEITA 5LT,MANTEIGA COM SAL MEMBERS MARK 500G,0.05479897409962793,0.0030524148394321425,0.05570204350692155,1.2743798928943053
MANTEIGA COM SAL MEMBERS MARK 500G,OMO LAVA ROUPAS LAVAG PERFEITA 5LT,0.04370913557056677,0.0030524148394321425,0.06983471074380165,1.2743798928943053
BANANA PRATA KG,REQUEIJAO TRADIC CATUPIRY 500G,0.06503991619405411,0.0030524148394321425,0.04693140794223827,1.1185554593757916
REQUEIJAO TRADIC CATUPIRY 500G,BANANA PRATA KG,0.041957157822490335,0.0030524148394321425,0.07275075333620319,1.1185554593757918
OMO LAVA ROUPAS EM PO 5.6KG,SUPER CANDIDA 5LT AGUA SANITARIA,0.02275764909872485,0.0030343532131633134,0.13333333333333333,3.7264681137472655
SUPER CANDIDA 5LT AGUA SANITARIA,OMO LAVA ROUPAS EM PO 5.6KG,0.03578008163855074,0.0030343532131633134,0.08480565371024734,3.7264681137472655
SUPER CANDIDA 5LT AGUA SANITARIA,LEITE FERMENTADO YAKULT 6X80G,0.03578008163855074,0.0030343532131633134,0.08480565371024734,2.028228865365682
LEITE FERMENTADO YAKULT 6X80G,SUPER CANDIDA 5LT AGUA SANITARIA,0.0418126648123397,0.0030343532131633134,0.07257019438444925,2.0282288653656826
OMO LAVA ROUPAS LAVAG PERFEITA 5LT,FILTRO DE PAPEL120UN MM TAM 103,0.05479897409962793,0.0030343532131633134,0.055372445616348055,2.1574601154079707
FILTRO DE PAPEL120UN MM TAM 103,OMO LAVA ROUPAS LAVAG PERFEITA 5LT,0.025665570928006358,0.0030343532131633134,0.11822660098522168,2.1574601154079707
PAPEL TOALHA SNOB HIPER 360 FLS,MM LAVA ROUPAS 5LTS ULTIMATE CLEAN,0.028140013726835965,0.003016291586894484,0.10718870346598203,1.3849731052736431
MM LAVA ROUPAS 5LTS ULTIMATE CLEAN,PAPEL TOALHA SNOB HIPER 360 FLS,0.07739406856193332,0.003016291586894484,0.03897316219369895,1.3849731052736431
PAPEL TOALHA SNOB HIPER 360 FLS,LIMPOL 6X500ML DETERG LIQ NATURAL,0.028140013726835965,0.003016291586894484,0.10718870346598203,2.3881729400795013
LIMPOL 6X500ML DETERG LIQ NATURAL,PAPEL TOALHA SNOB HIPER 360 FLS,0.044883141278040675,0.003016291586894484,0.06720321931589537,2.3881729400795013
MON BIJOU PUREZA 5LT AMAC DILUIDO,LIMPOL 6X500ML DETERG LIQ NATURAL,0.021692013148863924,0.003016291586894484,0.13905079100749373,3.0980628148575042
LIMPOL 6X500ML DETERG LIQ NATURAL,MON BIJOU PUREZA 5LT AMAC DILUIDO,0.044883141278040675,0.003016291586894484,0.06720321931589537,3.0980628148575047
CR DE LEITE PIRACANJUBA TP 200G,LEITE FERMENTADO YAKULT 6X80G,0.03144529133403172,0.003016291586894484,0.09592188397472716,2.2940868372115526
LEITE FERMENTADO YAKULT 6X80G,CR DE LEITE PIRACANJUBA TP 200G,0.0418126648123397,0.003016291586894484,0.07213822894168466,2.294086837211552
DORITOS NACHO 300GR,PAPEL TOALHA KITCHEN JUMB FD C360FL,0.022107430553046998,0.003016291586894484,0.136437908496732,1.2882028038591515
PAPEL TOALHA KITCHEN JUMB FD C360FL,DORITOS NACHO 300GR,0.1059133764404147,0.003016291586894484,0.028478854024556615,1.2882028038591515
